elapsed_s,depth_cm,depth_speed_cm_s,depth_accel_cm_s2,target_depth_cm,pid_output,pid_base,buoyancy_pwm,valve_a_on,valve_b_on,valve_e_on,valve_f_on,commands
70.321,10.984,-0.226,-0.123,,0.000,0.000,0,0,0,0,0,
70.841,11.090,0.132,0.208,,0.000,0.000,0,0,0,0,0,
71.341,11.204,0.238,0.182,,0.000,0.000,0,0,0,0,0,
71.839,11.192,0.036,-0.067,,0.000,0.000,0,0,0,0,0,
72.358,11.062,-0.285,-0.322,,0.000,0.000,0,0,0,0,0,
72.846,11.003,-0.230,-0.155,,0.000,0.000,0,0,0,0,0,
73.317,11.090,0.083,0.148,,0.000,0.000,0,0,0,0,0,l5
73.848,11.146,0.126,0.106,5.000,80.000,80.000,217,0,0,0,0,
74.348,11.193,0.039,-0.072,5.000,-80.000,-80.000,217,0,0,1,1,l10
74.845,11.050,-0.195,-0.172,10.000,80.000,80.000,217,0,0,0,0,
75.375,11.075,0.055,0.152,15.000,-39.853,-39.853,141,0,0,1,1,l15
75.828,11.156,0.170,0.160,15.000,80.000,80.000,217,0,0,0,0,l20
76.353,11.289,0.334,0.254,20.000,80.000,80.000,217,0,0,0,0,
76.841,11.259,-0.064,-0.253,20.000,80.000,80.000,217,0,0,0,0,
77.325,11.068,-0.490,-0.542,20.000,80.000,80.000,217,0,0,0,0,l25
77.831,10.898,-0.489,-0.313,25.000,80.000,80.000,217,0,0,0,0,
78.349,10.888,-0.156,0.076,25.000,80.000,80.000,217,0,0,0,0,l30
78.833,11.094,0.394,0.497,30.000,80.000,80.000,217,0,0,0,0,
79.331,11.006,-0.058,-0.121,30.000,80.000,80.000,217,0,0,0,0,
79.846,10.824,-0.443,-0.436,30.000,80.000,80.000,217,0,0,0,0,l35
80.333,10.750,-0.329,-0.197,35.000,80.000,80.000,217,0,0,0,0,
80.834,10.783,-0.046,0.090,35.000,80.000,80.000,217,0,0,0,0,l40
81.353,10.942,0.348,0.405,40.000,80.000,80.000,217,0,0,0,0,
81.842,10.888,0.017,-0.051,40.000,80.000,80.000,217,0,0,0,0,
82.343,10.854,-0.125,-0.170,40.000,80.000,80.000,217,0,0,0,0,
82.826,10.930,0.132,0.147,40.000,80.000,80.000,217,0,0,0,0,
83.326,10.957,0.100,0.052,40.000,86.250,80.000,229,0,0,0,0,
83.840,10.962,-0.004,-0.079,40.000,86.500,80.000,229,0,0,0,0,
84.325,10.985,0.013,-0.038,40.000,86.250,80.000,229,0,0,0,0,
84.825,10.996,0.010,-0.032,40.000,86.250,80.000,229,0,0,0,0,
85.357,11.007,0.062,0.055,40.000,86.375,80.000,229,0,0,0,0,
85.828,10.985,-0.062,-0.092,40.000,86.375,80.000,229,0,0,0,0,
86.342,11.109,0.203,0.161,40.000,86.250,80.000,229,0,0,0,0,
86.845,11.026,-0.163,-0.252,40.000,86.375,80.000,229,0,0,0,0,
87.329,10.832,-0.457,-0.402,40.000,86.625,80.000,230,0,0,0,0,
87.844,10.956,0.107,0.239,40.000,86.375,80.000,229,0,0,0,0,
88.341,11.137,0.347,0.292,40.000,86.250,80.000,229,0,0,0,0,
88.825,10.952,-0.278,-0.365,40.000,86.500,80.000,229,0,0,0,0,
89.346,11.117,0.133,0.074,40.000,86.125,80.000,229,0,0,0,0,
89.830,11.113,-0.001,-0.085,40.000,86.375,80.000,229,0,0,0,0,
90.348,10.868,-0.508,-0.483,40.000,86.625,80.000,230,0,0,0,0,
90.846,11.038,0.146,0.252,40.000,86.375,80.000,229,0,0,0,0,
91.330,11.128,0.131,0.048,40.000,86.250,80.000,229,0,0,0,0,
91.848,11.099,-0.069,-0.164,40.000,86.375,80.000,229,0,0,0,0,
92.349,11.012,-0.256,-0.278,40.000,86.375,80.000,229,0,0,0,0,
92.835,11.129,0.101,0.111,40.000,86.375,80.000,229,0,0,0,0,
93.325,11.246,0.220,0.134,40.000,86.250,80.000,229,0,0,0,0,
93.827,11.285,0.121,-0.005,40.000,86.250,80.000,229,0,0,0,0,
94.344,11.227,-0.168,-0.291,40.000,86.375,80.000,229,0,0,0,0,
94.827,11.246,0.019,0.035,40.000,86.375,80.000,229,0,0,0,0,
95.342,11.451,0.368,0.288,40.000,86.250,80.000,229,0,0,0,0,
95.847,11.298,-0.266,-0.394,40.000,86.500,80.000,229,0,0,0,0,
96.348,11.371,0.017,0.005,40.000,86.375,80.000,229,0,0,0,0,
96.847,11.568,0.364,0.280,40.000,86.250,80.000,229,0,0,0,0,
97.346,11.513,-0.015,-0.157,40.000,86.375,80.000,229,0,0,0,0,
97.832,11.375,-0.291,-0.318,40.000,86.375,80.000,229,0,0,0,0,
98.352,11.422,-0.028,0.022,40.000,86.500,80.000,229,0,0,0,0,
98.841,11.591,0.286,0.248,40.000,86.250,80.000,229,0,0,0,0,
99.343,11.665,0.142,-0.034,40.000,86.250,80.000,229,0,0,0,0,
99.824,11.748,0.119,-0.064,40.000,86.250,80.000,229,0,0,0,0,
100.324,11.982,0.426,0.217,40.000,86.125,80.000,229,0,0,0,0,
100.831,12.069,0.191,-0.108,40.000,86.250,80.000,229,0,0,0,0,
101.360,12.119,0.083,-0.149,40.000,86.375,80.000,229,0,0,0,0,
101.847,12.586,0.766,0.420,40.000,85.875,80.000,228,0,0,0,0,
102.330,13.106,1.128,0.538,40.000,85.625,80.000,228,0,0,0,0,
102.831,13.603,1.108,0.273,40.000,85.625,80.000,228,0,0,0,0,
103.352,14.530,1.842,0.738,40.000,84.500,80.000,226,0,0,0,0,
103.825,15.749,2.555,1.001,40.000,83.625,80.000,224,0,0,0,0,
104.325,17.138,3.023,0.968,40.000,82.750,80.000,222,0,0,0,0,
104.830,18.905,3.761,1.174,40.000,81.250,80.000,219,0,0,0,0,
105.328,21.180,4.789,1.526,40.000,78.875,80.000,215,0,0,0,0,
105.844,24.119,6.128,1.939,40.000,75.750,80.000,209,0,0,0,0,
106.361,27.371,7.048,1.931,40.000,-87.125,-80.000,231,0,0,1,1,
106.833,31.142,7.967,1.851,40.000,-90.875,-80.000,238,0,0,1,1,
107.365,34.566,7.280,0.427,40.000,-91.375,-80.000,239,0,0,1,1,
107.833,37.470,5.879,-0.984,40.000,-90.625,-80.000,237,0,0,1,1,
108.335,39.773,4.414,-1.808,40.000,-88.750,-80.000,234,0,0,1,1,
108.855,41.876,3.787,-1.542,40.000,-88.125,-80.000,232,0,0,1,1,
109.355,43.832,3.517,-1.119,40.000,-88.500,-80.000,233,0,0,1,1,
109.842,45.768,3.521,-0.669,40.000,-90.000,-80.000,236,0,0,1,1,
110.343,47.338,2.980,-0.842,40.000,-89.625,-80.000,235,0,0,1,1,
110.832,48.753,2.592,-0.833,40.000,-89.625,-80.000,235,0,0,1,1,
111.332,49.944,2.126,-0.910,40.000,-89.750,-80.000,236,0,0,1,1,
111.831,50.972,1.797,-0.820,40.000,-89.375,-80.000,235,0,0,1,1,
112.331,51.743,1.353,-0.827,40.000,-88.500,-80.000,233,0,0,1,1,
112.833,52.382,1.008,-0.817,40.000,-88.625,-80.000,233,0,0,1,1,
113.332,52.789,0.614,-0.804,40.000,-88.000,-80.000,232,0,0,1,1,
113.832,52.988,0.142,-0.900,40.000,-86.875,-80.000,230,0,0,1,1,
114.352,52.856,-0.519,-1.100,40.000,-85.625,-80.000,228,0,0,1,1,
114.836,52.408,-1.219,-1.266,40.000,-84.500,-80.000,226,0,0,1,1,
115.352,51.798,-1.631,-1.143,40.000,-83.375,-80.000,223,0,0,1,1,
115.869,50.770,-2.354,-1.285,40.000,78.500,80.000,214,0,0,0,0,
116.338,49.493,-2.860,-1.153,40.000,80.750,80.000,218,0,0,0,0,
116.853,48.394,-2.468,-0.298,40.000,81.000,80.000,219,0,0,0,0,
117.340,48.252,-0.446,1.544,40.000,-82.375,-80.000,221,0,0,1,1,
117.857,49.053,1.833,2.752,40.000,-87.875,-80.000,232,0,0,1,1,
118.347,49.543,1.569,1.257,40.000,-88.500,-80.000,233,0,0,1,1,
118.846,49.116,-0.557,-1.162,40.000,-84.875,-80.000,226,0,0,1,1,
119.327,47.885,-2.660,-2.435,40.000,80.375,80.000,218,0,0,0,0,
119.839,46.880,-2.642,-1.375,40.000,81.500,80.000,220,0,0,0,0,
120.372,46.450,-1.305,0.321,40.000,-80.375,-80.000,218,0,0,1,1,
120.841,46.515,0.087,1.310,40.000,-83.500,-80.000,224,0,0,1,1,
121.343,46.508,0.320,0.939,40.000,-84.500,-80.000,226,0,0,1,1,
121.842,45.927,-1.025,-0.705,40.000,78.000,80.000,213,0,0,0,0,
122.328,44.534,-2.925,-2.032,40.000,17.482,14.607,98,0,0,0,0,
122.830,42.527,-4.423,-2.390,40.000,87.000,80.000,230,0,0,0,0,
123.345,41.068,-3.506,-0.540,40.000,87.000,80.000,230,0,0,0,0,
123.828,40.549,-1.312,1.514,40.000,57.370,54.120,174,0,0,0,0,
124.327,40.600,0.348,2.213,40.000,-58.668,-58.043,176,0,0,1,1,
124.847,40.687,0.717,1.561,40.000,-81.625,-80.000,220,0,0,1,1,
125.352,40.562,0.224,0.498,40.000,-33.610,-32.360,129,0,0,1,1,
126.354,38.305,-3.304,-2.308,40.000,87.250,80.000,231,0,0,0,0,
126.840,36.610,-3.872,-1.735,40.000,87.750,80.000,232,0,0,0,0,
127.325,35.725,-2.226,0.439,40.000,86.875,80.000,230,0,0,0,0,
127.843,35.676,-0.227,1.833,40.000,82.500,80.000,222,0,0,0,0,
128.332,35.697,0.345,1.435,40.000,81.625,80.000,220,0,0,0,0,
128.849,35.762,0.510,0.965,40.000,81.125,80.000,219,0,0,0,0,
129.321,36.765,2.183,1.961,40.000,0.000,0.000,0,0,0,0,0,
129.834,38.278,3.444,2.162,40.000,-85.750,-80.000,228,0,0,1,1,
130.332,39.244,2.409,0.274,40.000,-84.875,-80.000,226,0,0,1,1,
131.345,39.110,-0.979,-2.110,40.000,81.750,80.000,220,0,0,0,0,
131.844,38.717,-1.348,-1.535,40.000,83.000,80.000,223,0,0,0,0,
132.328,38.855,-0.245,0.004,40.000,81.125,80.000,219,0,0,0,0,
132.832,39.560,1.310,1.292,40.000,-82.125,-80.000,221,0,0,1,1,
133.351,40.786,2.671,1.848,40.000,-85.250,-80.000,227,0,0,1,1,
133.850,42.154,3.100,1.352,40.000,-87.250,-80.000,231,0,0,1,1,
134.353,42.889,1.824,-0.338,40.000,-85.750,-80.000,228,0,0,1,1,
134.837,42.877,-0.108,-1.875,40.000,-81.500,-80.000,220,0,0,1,1,
135.335,42.369,-1.461,-2.225,40.000,40.371,39.121,142,0,0,0,0,
135.838,41.339,-2.666,-2.339,40.000,84.250,80.000,225,0,0,0,0,
136.326,40.127,-3.040,-1.662,40.000,0.000,0.000,0,0,0,0,0,
136.842,39.495,-1.798,0.068,40.000,84.250,80.000,225,0,0,0,0,
137.324,39.859,0.559,1.972,40.000,0.000,0.000,0,0,0,0,0,
137.854,40.438,1.543,1.901,40.000,-83.375,-80.000,223,0,0,1,1,
138.338,40.899,1.383,0.922,40.000,-83.000,-80.000,223,0,0,1,1,
138.841,41.134,0.666,-0.125,40.000,-82.125,-80.000,221,0,0,1,1,
139.343,40.799,-0.694,-1.257,40.000,24.121,23.621,111,0,0,0,0,
139.848,39.645,-2.633,-2.411,40.000,84.750,80.000,226,0,0,0,0,
140.346,37.764,-4.287,-2.752,40.000,87.625,80.000,231,0,0,0,0,
140.833,36.146,-3.917,-1.220,40.000,87.875,80.000,232,0,0,0,0,
141.346,35.535,-1.661,1.192,40.000,85.875,80.000,228,0,0,0,0,
141.846,35.291,-0.322,1.756,40.000,83.125,80.000,223,0,0,0,0,
142.345,35.254,0.258,1.425,40.000,82.125,80.000,221,0,0,0,0,
142.828,35.466,0.809,1.305,40.000,-79.125,-80.000,215,0,0,1,1,
143.341,36.588,2.519,2.190,40.000,-82.750,-80.000,222,0,0,1,1,
143.855,37.733,2.802,1.455,40.000,-85.000,-80.000,226,0,0,1,1,
144.340,38.120,1.145,-0.624,40.000,-82.250,-80.000,221,0,0,1,1,
144.844,37.622,-1.040,-2.181,40.000,82.750,80.000,222,0,0,0,0,
145.345,36.975,-1.719,-1.746,40.000,85.250,80.000,227,0,0,0,0,
145.844,36.872,-0.635,-0.033,40.000,83.875,80.000,224,0,0,0,0,
146.343,37.313,0.760,1.114,40.000,79.750,80.000,216,0,0,0,0,
146.860,38.076,1.701,1.382,40.000,-38.262,-36.012,138,0,0,1,1,
147.345,39.115,2.342,1.282,40.000,-84.000,-80.000,225,0,0,1,1,
147.830,40.066,2.141,0.492,40.000,0.000,0.000,0,0,0,0,0,
148.345,40.222,0.481,-1.140,40.000,-38.380,-37.630,138,0,0,1,1,
148.844,39.783,-1.069,-1.932,40.000,83.000,80.000,223,0,0,0,0,
149.343,39.544,-0.944,-0.973,40.000,71.852,68.852,201,0,0,0,0,
149.841,40.111,0.789,0.892,40.000,0.000,0.000,0,0,0,0,0,
150.341,40.799,1.513,1.078,40.000,-84.250,-80.000,225,0,0,1,1,
151.345,41.619,0.606,-0.447,40.000,-82.000,-80.000,221,0,0,1,1,
151.848,41.118,-1.137,-1.801,40.000,75.452,73.452,208,0,0,0,0,
152.348,39.417,-3.538,-2.908,40.000,85.625,80.000,228,0,0,0,0,
152.830,37.607,-4.420,-2.433,40.000,87.875,80.000,232,0,0,0,0,
153.348,36.296,-3.310,-0.422,40.000,87.750,80.000,232,0,0,0,0,
153.851,35.794,-1.386,1.394,40.000,84.625,80.000,226,0,0,0,0,
154.352,35.592,-0.190,1.779,40.000,82.250,80.000,221,0,0,0,0,
154.855,35.572,0.412,1.551,40.000,81.500,80.000,220,0,0,0,0,
155.352,36.201,1.643,1.879,40.000,-80.875,-80.000,219,0,0,1,1,
155.838,37.379,2.732,1.939,40.000,-84.625,-80.000,226,0,0,1,1,
156.353,38.206,2.086,0.478,40.000,-23.269,-19.019,109,0,0,1,1,
156.852,38.183,0.135,-1.414,40.000,79.750,80.000,216,0,0,0,0,
157.354,37.322,-1.975,-2.585,40.000,84.750,80.000,226,0,0,0,0,
157.840,36.421,-2.382,-1.773,40.000,86.375,80.000,229,0,0,0,0,
158.341,36.075,-1.142,0.074,40.000,84.500,80.000,226,0,0,0,0,
158.843,36.391,0.506,1.382,40.000,81.000,80.000,219,0,0,0,0,
159.345,37.087,1.704,1.795,40.000,-81.500,-80.000,220,0,0,1,1,
159.850,38.072,2.346,1.523,40.000,-83.875,-80.000,224,0,0,1,1,
160.335,39.137,2.370,0.783,40.000,-85.000,-80.000,226,0,0,1,1,
160.831,39.288,0.461,-1.249,40.000,79.000,80.000,215,0,0,0,0,
161.845,37.417,-3.124,-2.780,40.000,87.125,80.000,231,1,1,0,0,w
162.345,37.244,-1.004,0.303,40.000,84.375,80.000,225,0,0,0,0,
162.831,37.886,1.105,1.847,40.000,-81.250,-80.000,219,1,1,1,1,
163.353,39.127,2.947,2.653,40.000,-84.750,-80.000,226,0,0,1,1,
163.836,40.508,3.488,2.008,40.000,-86.750,-80.000,230,0,0,1,1,
164.352,41.560,2.557,0.294,40.000,-85.875,-80.000,228,1,1,1,1,
164.836,42.107,1.064,-1.203,40.000,-82.875,-80.000,222,0,0,1,1,
165.351,42.344,0.089,-1.609,40.000,-81.625,-80.000,220,0,0,1,1,
165.856,42.084,-1.110,-2.092,40.000,17.805,15.680,99,1,1,0,0,
166.359,41.009,-2.630,-2.478,40.000,85.000,80.000,226,0,0,0,0,
166.861,39.732,-2.858,-1.473,40.000,0.000,0.000,0,1,1,0,0,
167.349,38.739,-2.297,-0.287,40.000,85.875,80.000,228,1,1,0,0,
167.839,38.720,-0.184,1.662,40.000,82.000,80.000,221,0,0,0,0,
168.357,39.603,1.908,2.603,40.000,-83.875,-80.000,224,1,1,1,1,
168.840,41.190,3.690,2.930,40.000,-87.500,-80.000,231,1,1,1,1,
169.336,42.621,3.496,1.408,40.000,-89.000,-80.000,234,0,0,1,1,
169.836,43.619,2.431,-0.094,40.000,-87.125,-80.000,231,1,1,1,1,
170.338,44.274,1.266,-1.113,40.000,-85.875,-80.000,228,1,1,1,1,
170.858,44.347,-0.172,-1.945,40.000,-82.875,-80.000,222,0,0,1,1,
171.330,43.883,-1.596,-2.473,40.000,80.750,80.000,218,0,0,0,0,
171.848,43.090,-2.383,-2.197,40.000,10.631,7.131,85,1,1,0,0,
172.351,41.901,-3.075,-1.930,40.000,85.250,80.000,227,0,0,0,0,
172.855,41.128,-2.095,-0.296,40.000,83.750,80.000,224,0,0,0,0,
173.359,41.296,0.167,1.746,40.000,-80.500,-80.000,218,1,1,1,1,
173.858,42.538,2.800,3.203,40.000,-86.625,-80.000,230,0,0,1,1,
174.360,43.474,2.713,1.753,40.000,-87.625,-80.000,231,1,1,1,1,
174.843,43.858,1.272,-0.226,40.000,-84.375,-80.000,225,1,1,1,1,
175.345,43.657,-0.340,-1.455,40.000,-81.125,-80.000,219,0,0,1,1,
175.850,42.468,-2.652,-2.792,40.000,84.250,80.000,225,1,1,0,0,
176.352,41.421,-2.829,-1.760,40.000,85.125,80.000,227,1,1,0,0,
176.849,40.472,-2.420,-0.695,40.000,84.375,80.000,225,0,0,0,0,
177.350,40.493,-0.181,1.523,40.000,-77.652,-77.152,212,1,1,1,1,
177.850,41.026,1.455,2.283,40.000,-84.125,-80.000,225,0,0,1,1,
178.348,42.262,2.828,2.341,40.000,-86.500,-80.000,229,0,0,1,1,
178.836,42.895,1.732,0.287,40.000,-84.750,-80.000,226,1,1,1,1,
179.349,42.520,-0.582,-1.790,40.000,-79.750,-80.000,216,0,0,1,1,
179.833,41.584,-2.264,-2.437,40.000,84.125,80.000,225,0,0,0,0,
180.333,40.307,-3.096,-2.061,40.000,86.000,80.000,228,1,1,0,0,
180.835,39.577,-2.067,-0.333,40.000,84.500,80.000,226,0,0,0,0,
181.352,38.886,-1.350,0.504,40.000,83.125,80.000,223,1,1,0,0,
181.839,39.345,0.920,2.182,40.000,-80.375,-80.000,218,1,1,1,1,
182.360,40.722,3.354,3.389,40.000,-87.875,-80.000,232,0,0,1,1,
182.846,42.134,3.714,2.253,40.000,-88.375,-80.000,233,1,1,1,1,
183.331,43.509,3.354,0.980,40.000,-88.875,-80.000,234,1,1,1,1,
183.855,44.610,2.494,-0.154,40.000,-87.625,-80.000,231,0,0,1,1,
184.341,44.725,0.204,-2.078,40.000,-82.500,-80.000,222,1,1,1,1,
184.858,44.716,-0.616,-1.937,40.000,-81.125,-80.000,219,0,0,1,1,
185.357,43.625,-2.636,-2.793,40.000,49.033,47.033,158,0,0,0,0,
185.843,42.656,-2.769,-1.776,40.000,63.151,58.651,185,1,1,0,0,
186.345,41.581,-2.648,-0.917,40.000,84.500,80.000,226,0,0,0,0,
186.850,41.516,-0.549,1.220,40.000,-78.500,-80.000,214,0,0,1,1,
187.354,42.535,2.023,2.729,40.000,-84.750,-80.000,226,1,1,1,1,
187.843,43.592,2.644,1.984,40.000,-87.500,-80.000,231,0,0,1,1,
188.356,44.441,2.284,0.863,40.000,-86.750,-80.000,230,1,1,1,1,
188.857,44.260,-0.063,-1.508,40.000,-83.125,-80.000,223,1,1,1,1,
189.340,43.731,-1.612,-2.311,40.000,50.517,50.392,161,0,0,0,0,
189.856,42.373,-3.319,-2.800,40.000,85.250,80.000,227,1,1,0,0,
190.354,41.106,-3.202,-1.448,40.000,86.875,80.000,230,1,1,0,0,
190.837,39.989,-2.654,-0.380,40.000,0.000,0.000,0,0,0,0,0,
191.324,40.181,0.138,2.128,40.000,0.000,0.000,0,1,1,0,0,
191.845,40.974,2.040,2.810,40.000,-83.625,-80.000,224,0,0,1,1,
192.346,42.234,2.977,2.245,40.000,-86.750,-80.000,230,0,0,1,1,
192.847,42.532,1.259,-0.174,40.000,-85.500,-80.000,227,1,1,1,1,
193.333,42.345,-0.597,-1.839,40.000,-78.750,-77.625,215,0,0,1,1,
193.835,41.298,-2.489,-2.643,40.000,84.375,80.000,225,0,0,0,0,
194.336,40.134,-2.969,-1.883,40.000,0.000,0.000,0,1,1,0,0,
194.856,39.337,-2.026,-0.207,40.000,85.375,80.000,227,0,0,0,0,
195.342,38.908,-0.871,0.919,40.000,83.000,80.000,223,1,1,0,0,
195.843,39.495,1.295,2.335,40.000,-80.625,-80.000,218,1,1,1,1,
196.345,40.962,3.394,3.061,40.000,-87.250,-80.000,231,0,0,1,1,
196.857,42.255,3.277,1.570,40.000,-88.250,-80.000,233,1,1,1,1,
197.357,44.036,3.776,1.199,40.000,-89.875,-80.000,236,1,1,1,1,
197.857,44.906,2.172,-0.639,40.000,-87.875,-80.000,232,0,0,1,1,
198.348,45.109,0.313,-1.958,40.000,-85.375,-80.000,227,1,1,1,1,
198.834,44.894,-1.002,-2.300,40.000,78.375,80.000,214,0,0,0,0,
199.353,44.083,-2.378,-2.614,40.000,35.925,34.925,133,0,0,0,0,
199.835,42.964,-2.805,-1.792,40.000,28.050,24.175,118,1,1,0,0,
200.340,42.035,-2.372,-0.676,40.000,0.000,0.000,0,0,0,0,0,
201.349,42.823,1.806,2.530,40.000,-84.375,-80.000,225,1,1,1,1,
201.834,43.505,1.985,1.564,40.000,-86.375,-80.000,229,0,0,1,1,
202.341,43.602,0.412,-0.600,40.000,-84.125,-80.000,225,1,1,1,1,
202.842,43.219,-0.849,-1.382,40.000,80.250,80.000,217,1,1,0,0,
203.344,42.137,-2.457,-2.149,40.000,83.250,80.000,223,0,0,0,0,
203.844,40.624,-3.682,-2.358,40.000,86.500,80.000,229,1,1,0,0,
204.345,39.993,-1.880,0.217,40.000,0.000,0.000,0,1,1,0,0,
204.830,40.163,0.253,1.888,40.000,0.000,0.000,0,0,0,0,0,
205.335,40.725,1.673,2.351,40.000,-83.750,-80.000,224,1,1,1,1,
205.838,41.484,2.072,1.652,40.000,-85.625,-80.000,228,0,0,1,1,
206.359,42.010,1.479,0.427,40.000,-85.250,-80.000,227,0,0,1,1,
206.842,42.255,0.477,-0.703,40.000,-81.750,-80.000,220,1,1,1,1,
207.359,41.122,-2.207,-2.585,40.000,83.625,80.000,224,0,0,0,0,
207.846,39.897,-3.261,-2.490,40.000,0.000,0.000,0,0,0,0,0,
208.350,38.535,-3.304,-1.410,40.000,87.125,80.000,231,1,1,0,0,
208.852,37.756,-1.916,0.405,40.000,85.250,80.000,227,0,0,0,0,
209.351,37.996,0.414,2.148,40.000,81.000,80.000,219,1,1,0,0,
209.851,38.902,2.287,2.814,40.000,-82.750,-80.000,222,1,1,1,1,
210.353,40.538,3.780,2.765,40.000,-87.750,-80.000,232,0,0,1,1,
210.839,41.937,3.413,1.188,40.000,-88.500,-80.000,233,1,1,1,1,
211.346,42.936,3.100,-0.332,40.000,-86.375,-80.000,229,1,1,1,1,d
211.846,43.296,0.675,-1.571,40.000,-84.125,-80.000,225,0,0,1,1,
212.348,43.232,-0.526,-1.939,40.000,-80.875,-80.000,219,1,1,1,1,
212.846,43.191,-0.674,-1.296,40.000,-81.125,-80.000,219,0,0,1,1,
213.349,43.097,-0.611,-0.735,40.000,-80.500,-80.000,218,0,0,1,1,
213.831,42.651,-1.243,-1.078,40.000,32.449,32.449,127,1,1,0,0,
214.334,41.489,-2.899,-2.251,40.000,84.125,80.000,225,0,0,0,0,
214.838,39.505,-4.540,-2.709,40.000,87.625,80.000,231,0,0,0,0,
215.354,37.681,-4.122,-1.037,40.000,87.875,80.000,232,1,1,0,0,
215.840,36.849,-1.984,1.233,40.000,86.000,80.000,228,0,0,0,0,
216.342,36.534,-0.523,1.828,40.000,82.250,80.000,221,1,1,0,0,
216.830,36.477,0.211,1.582,40.000,81.000,80.000,219,1,1,0,0,
217.347,36.954,1.478,2.082,40.000,-80.875,-80.000,219,0,0,1,1,
217.836,38.563,3.666,3.035,40.000,-86.500,-80.000,229,1,1,1,1,
218.352,40.309,4.036,1.886,40.000,-88.875,-80.000,234,1,1,1,1,
218.857,41.211,2.312,-0.424,40.000,-86.750,-80.000,230,0,0,1,1,
219.355,41.520,0.667,-1.565,40.000,-81.750,-80.000,220,1,1,1,1,
219.839,41.847,0.180,-1.359,40.000,-81.375,-80.000,220,0,0,1,1,
220.340,41.884,-0.482,-1.484,40.000,-80.125,-80.000,217,0,0,1,1,
220.836,40.835,-2.650,-2.837,40.000,84.250,80.000,225,1,1,0,0,
221.354,38.834,-4.632,-3.286,40.000,87.625,80.000,231,0,0,0,0,d
221.855,36.677,-5.058,-2.165,40.000,88.375,80.000,233,0,0,0,0,
222.342,35.388,-3.256,0.262,40.000,88.250,80.000,233,1,1,0,0,
222.842,34.907,-1.294,1.599,40.000,85.125,80.000,227,0,0,0,0,
223.346,34.574,-0.430,1.551,40.000,83.625,80.000,224,1,1,0,0,
223.845,34.820,0.970,2.151,40.000,-79.000,-80.000,215,1,1,1,1,
224.334,36.676,3.845,3.467,40.000,-85.250,-80.000,227,0,0,1,1,
224.853,38.588,4.625,2.584,40.000,-89.000,-80.000,234,1,1,1,1,
225.339,40.189,3.840,0.768,40.000,0.000,0.000,0,1,1,0,0,
225.840,40.950,1.668,-1.501,40.000,-86.000,-80.000,228,0,0,1,1,
226.342,41.630,0.760,-1.781,40.000,-81.750,-80.000,220,1,1,1,1,
226.842,42.749,1.635,-0.333,40.000,-83.500,-80.000,224,0,0,1,1,
227.347,43.287,0.864,-0.945,40.000,-83.625,-80.000,224,0,0,1,1,
227.831,42.743,-1.278,-2.360,40.000,62.886,61.761,184,1,1,0,0,
228.345,41.370,-3.353,-3.149,40.000,85.875,80.000,228,0,0,0,0,
228.846,40.153,-3.338,-1.826,40.000,0.000,0.000,0,0,0,0,0,
229.347,39.901,-1.247,0.630,40.000,0.000,0.000,0,1,1,0,0,
229.859,39.907,0.044,1.420,40.000,0.000,0.000,0,0,0,0,0,
230.347,40.670,1.839,2.341,40.000,-84.125,-80.000,225,1,1,1,1,
230.850,41.628,2.585,2.020,40.000,-86.875,-80.000,230,1,1,1,1,
231.353,42.596,2.508,1.115,40.000,-87.125,-80.000,231,0,0,1,1,
231.839,43.034,0.968,-0.833,40.000,-83.250,-80.000,223,1,1,1,1,
232.343,42.946,-0.359,-1.613,40.000,-80.500,-80.000,218,1,1,1,1,
232.830,42.119,-1.946,-2.224,40.000,20.251,16.751,103,0,0,0,0,
233.348,40.968,-2.770,-1.910,40.000,85.375,80.000,227,1,1,0,0,
233.834,39.626,-2.673,-0.818,40.000,84.875,80.000,226,0,0,0,0,
234.353,39.381,-0.888,1.000,40.000,81.251,77.751,219,0,0,0,0,
234.841,39.904,1.328,2.547,40.000,0.000,0.000,0,1,1,0,0,
235.343,41.120,2.874,2.652,40.000,-87.125,-80.000,231,0,0,1,1,
235.843,42.417,3.167,1.691,40.000,-87.625,-80.000,231,0,0,1,1,
236.341,43.721,2.989,0.771,40.000,-88.500,-80.000,233,1,1,1,1,
236.840,44.342,1.642,-0.605,40.000,-85.750,-80.000,228,0,0,1,1,
237.357,43.888,-0.896,-2.444,40.000,79.500,80.000,216,1,1,0,0,
237.844,42.983,-2.506,-2.829,40.000,8.179,5.304,80,1,1,0,0,
238.331,42.075,-2.607,-1.724,40.000,9.491,4.991,83,0,0,0,0,
238.845,41.396,-1.907,-0.429,40.000,0.000,0.000,0,1,1,0,0,
239.349,41.530,0.025,1.353,40.000,-80.625,-80.000,218,1,1,1,1,
239.859,42.369,1.984,2.450,40.000,-84.000,-80.000,225,0,0,1,1,d
240.355,43.122,2.175,1.579,40.000,-86.125,-80.000,229,1,1,1,1,
240.871,43.379,1.072,0.047,40.000,-84.000,-80.000,225,0,0,1,1,
241.343,43.321,-0.075,-0.956,40.000,-81.125,-80.000,219,0,0,1,1,
241.841,42.785,-1.323,-1.641,40.000,63.682,62.432,186,1,1,0,0,
242.357,42.071,-1.964,-1.578,40.000,39.648,38.023,140,0,0,0,0,
242.858,40.679,-3.298,-2.137,40.000,85.125,80.000,227,0,0,0,0,
243.344,39.452,-2.996,-0.952,40.000,85.500,80.000,227,1,1,0,0,
243.831,39.225,-0.842,1.236,40.000,72.215,69.465,202,0,0,0,0,
244.330,40.176,1.946,2.951,40.000,0.000,0.000,0,1,1,0,0,
244.846,41.088,2.412,1.970,40.000,-85.875,-80.000,228,1,1,1,1,
245.348,42.318,2.890,1.488,40.000,-86.750,-80.000,230,0,0,1,1,
245.853,43.072,1.994,0.139,40.000,-85.625,-80.000,228,1,1,1,1,
246.353,43.263,0.322,-1.448,40.000,-82.125,-80.000,221,1,1,1,1,
246.842,42.648,-1.528,-2.388,40.000,57.165,55.415,174,0,0,0,0,
247.345,41.446,-2.909,-2.489,40.000,82.940,77.315,223,1,1,0,0,
247.832,40.133,-3.145,-1.534,40.000,0.000,0.000,0,0,0,0,0,
248.331,39.722,-1.377,0.588,40.000,81.252,77.752,219,0,0,0,0,d
248.850,39.810,0.230,1.676,40.000,0.000,0.000,0,1,1,0,0,
249.333,40.161,0.961,1.396,40.000,0.000,0.000,0,0,0,0,0,
249.837,41.037,2.092,1.760,40.000,-84.125,-80.000,225,0,0,1,1,
250.336,42.027,2.481,1.355,40.000,-85.625,-80.000,228,1,1,1,1,
250.839,43.010,2.312,0.602,40.000,-86.500,-80.000,229,0,0,1,1,
251.359,43.500,0.938,-0.983,40.000,-84.750,-80.000,226,1,1,1,1,
251.843,43.269,-0.473,-1.628,40.000,-80.250,-80.000,217,1,1,1,1,
252.344,42.660,-1.600,-1.897,40.000,37.081,36.081,135,0,0,0,0,
252.833,41.182,-3.428,-2.664,40.000,85.375,80.000,227,1,1,0,0,
253.323,40.108,-2.860,-1.019,40.000,0.000,0.000,0,1,1,0,0,
253.841,39.366,-1.687,0.508,40.000,84.375,80.000,225,0,0,0,0,
254.357,39.661,0.525,2.126,40.000,-79.000,-80.000,215,1,1,1,1,
254.852,40.506,2.090,2.496,40.000,-84.250,-80.000,225,0,0,1,1,
255.354,41.275,2.142,1.432,40.000,-84.625,-80.000,226,0,0,1,1,
255.837,41.712,1.313,0.230,40.000,-83.750,-80.000,224,1,1,1,1,
256.344,41.648,0.010,-0.974,40.000,-81.000,-80.000,219,0,0,1,1,
256.846,40.755,-1.946,-2.207,40.000,83.375,80.000,223,0,0,0,0,
257.347,38.933,-4.215,-3.228,40.000,87.750,80.000,232,1,1,0,0,
257.832,37.331,-4.087,-1.759,40.000,88.125,80.000,232,0,0,0,0,
258.350,36.595,-1.957,0.839,40.000,87.000,80.000,230,1,1,0,0,
258.854,36.537,-0.009,2.105,40.000,82.875,80.000,222,1,1,0,0,
259.356,37.383,2.146,3.016,40.000,-82.000,-80.000,221,0,0,1,1,
259.859,38.337,2.638,2.110,40.000,-84.750,-80.000,226,1,1,1,1,
260.346,39.873,3.523,1.910,40.000,0.000,0.000,0,1,1,0,0,
260.851,40.883,2.397,0.028,40.000,-86.125,-80.000,229,0,0,1,1,
261.339,40.697,-0.354,-2.378,40.000,8.612,8.987,81,1,1,0,0,
261.853,40.374,-1.188,-2.040,40.000,9.052,6.302,82,0,0,0,0,
262.341,40.541,-0.278,-0.420,40.000,-79.375,-80.000,216,0,0,1,1,
262.859,40.750,0.282,0.232,40.000,-80.750,-80.000,218,1,1,1,1,
263.348,39.996,-1.440,-1.372,40.000,0.000,0.000,0,0,0,0,0,
263.838,38.755,-2.761,-1.894,40.000,85.250,80.000,227,0,0,0,0,
264.350,37.500,-2.943,-1.191,40.000,86.625,80.000,230,1,1,0,0,
264.850,36.829,-1.769,0.268,40.000,85.500,80.000,227,0,0,0,0,
265.352,36.986,0.242,1.804,40.000,81.500,80.000,220,1,1,0,0,l35
265.838,37.974,2.138,2.473,35.000,-80.000,-80.000,217,1,1,1,1,
266.337,39.372,3.274,2.285,35.000,-80.000,-80.000,217,0,0,1,1,l30
266.854,40.622,3.114,1.171,30.000,-80.000,-80.000,217,1,1,1,1,
267.356,41.508,1.984,-0.380,30.000,-80.000,-80.000,217,1,1,1,1,
267.840,41.307,-0.424,-2.273,30.000,-80.000,-80.000,217,0,0,1,1,
268.343,40.210,-2.688,-3.216,30.000,80.000,80.000,217,1,1,0,0,
268.859,39.745,-1.928,-1.272,30.000,79.250,80.000,216,0,0,0,0,
269.347,39.255,-1.399,-0.328,30.000,-81.875,-80.000,221,0,0,1,1,
269.862,39.079,-0.319,0.828,30.000,-82.625,-80.000,222,1,1,1,1,
270.345,39.107,0.102,0.733,30.000,-84.750,-80.000,226,0,0,1,1,
270.829,38.216,-1.552,-1.000,30.000,77.000,80.000,211,0,0,0,0,
271.346,35.874,-4.845,-3.367,30.000,84.750,80.000,226,1,1,0,0,
271.833,33.307,-5.977,-2.855,30.000,87.750,80.000,232,0,0,0,0,
272.345,31.349,-4.784,-0.628,30.000,87.750,80.000,232,1,1,0,0,
272.870,29.990,-3.101,1.010,30.000,0.000,0.000,0,1,1,0,0,w
273.327,28.940,-1.679,1.573,30.000,83.625,80.000,224,1,0,0,0,
273.844,28.481,-0.635,1.757,30.000,82.125,80.000,221,0,1,0,0,
274.347,28.690,0.816,2.260,30.000,-80.000,-80.000,217,0,0,1,1,
274.848,29.970,2.969,3.056,30.000,0.000,0.000,0,0,0,0,0,
275.348,31.379,3.510,2.131,30.000,-87.625,-80.000,231,0,0,1,1,
275.850,32.391,2.566,0.359,30.000,-86.500,-80.000,229,0,0,1,1,
276.350,32.587,0.654,-1.381,30.000,-82.750,-80.000,222,0,0,1,1,
276.848,32.204,-1.038,-2.227,30.000,48.648,48.023,157,0,0,0,0,
277.331,30.973,-2.861,-2.706,30.000,83.875,80.000,224,0,0,0,0,
277.847,29.268,-4.153,-2.682,30.000,87.250,80.000,231,0,0,0,0,
278.348,27.555,-4.149,-1.516,30.000,87.875,80.000,232,0,0,0,0,
278.846,26.722,-2.136,0.847,30.000,87.000,80.000,230,0,0,0,0,
279.350,26.384,-0.609,1.729,30.000,84.000,80.000,225,0,0,0,0,
279.854,25.784,-0.791,0.792,30.000,83.250,80.000,223,0,0,0,0,
280.337,25.311,-0.693,0.564,30.000,83.625,80.000,224,0,0,0,0,
280.835,25.582,0.671,1.496,30.000,81.250,80.000,219,0,0,0,0,
281.334,26.232,1.594,1.594,30.000,-81.250,-80.000,219,0,0,1,1,
281.869,26.777,1.400,0.665,30.000,-82.375,-80.000,221,0,0,1,1,
282.357,26.568,-0.152,-0.914,30.000,80.875,80.000,219,0,0,0,0,
282.827,25.903,-1.499,-1.654,30.000,83.875,80.000,224,0,0,0,0,
283.341,25.074,-2.000,-1.325,30.000,85.875,80.000,228,0,0,0,0,
283.830,24.520,-1.456,-0.289,30.000,86.000,80.000,228,0,0,0,0,
284.331,24.719,0.236,1.260,30.000,83.625,80.000,224,0,0,0,0,
284.834,25.155,1.119,1.432,30.000,-79.625,-80.000,216,0,0,1,1,
285.334,25.462,0.946,0.638,30.000,-80.750,-80.000,218,0,0,1,1,
285.835,25.738,0.738,0.197,30.000,80.125,80.000,217,0,0,0,0,
286.337,25.352,-0.682,-1.103,30.000,82.750,80.000,222,0,0,0,0,
286.849,24.415,-2.129,-1.873,30.000,85.625,80.000,228,0,0,0,0,
287.337,23.592,-2.109,-1.031,30.000,87.250,80.000,231,0,0,0,0,
287.836,23.578,-0.246,1.068,30.000,85.375,80.000,227,0,0,0,0,
288.367,24.257,1.401,1.887,30.000,-79.000,-80.000,215,0,0,1,1,
288.852,24.498,0.850,0.516,30.000,79.375,80.000,216,0,0,0,0,
289.354,24.377,-0.117,-0.557,30.000,82.000,80.000,221,0,0,0,0,
289.857,24.080,-0.695,-0.795,30.000,84.125,80.000,225,0,0,0,0,
290.328,24.021,-0.257,-0.029,30.000,83.875,80.000,224,0,0,0,0,
290.846,24.386,0.723,0.833,30.000,82.000,80.000,221,0,0,0,0,
291.349,25.219,1.838,1.416,30.000,-80.375,-80.000,218,0,0,1,1,
291.851,26.218,2.278,1.138,30.000,-82.625,-80.000,222,0,0,1,1,
292.350,26.656,1.131,-0.379,30.000,-81.500,-80.000,220,0,0,1,1,
292.837,26.118,-1.177,-2.230,30.000,82.500,80.000,222,0,0,0,0,
293.353,24.834,-3.081,-2.890,30.000,87.125,80.000,231,0,0,0,0,
293.839,23.727,-2.954,-1.531,30.000,88.125,80.000,232,0,0,0,0,
294.344,23.373,-1.190,0.614,30.000,87.000,80.000,230,0,0,0,0,
294.846,23.425,0.139,1.425,30.000,83.750,80.000,224,0,0,0,0,
295.351,23.321,0.177,0.851,30.000,82.750,80.000,222,0,0,0,0,
295.839,23.462,0.517,0.788,30.000,82.125,80.000,221,0,0,0,0,
296.337,24.331,1.901,1.630,30.000,-79.875,-80.000,217,0,0,1,1,
296.835,25.416,2.479,1.359,30.000,-83.375,-80.000,223,0,0,1,1,
297.340,25.915,1.219,-0.410,30.000,-81.875,-80.000,221,0,0,1,1,
297.839,25.495,-0.845,-1.969,30.000,82.500,80.000,222,0,0,0,0,
298.344,24.479,-2.502,-2.544,30.000,86.625,80.000,230,0,0,0,0,
298.841,23.616,-2.287,-1.205,30.000,87.875,80.000,232,0,0,0,0,
299.346,23.368,-0.918,0.438,30.000,86.000,80.000,228,0,0,0,0,
299.849,23.547,0.277,1.162,30.000,82.750,80.000,222,0,0,0,0,
300.337,23.804,0.766,1.059,30.000,81.875,80.000,221,0,0,0,0,
300.837,24.344,1.415,1.205,30.000,-79.750,-80.000,216,0,0,1,1,
301.342,25.381,2.363,1.496,30.000,-82.125,-80.000,221,0,0,1,1,
301.843,26.204,1.975,0.476,30.000,-82.625,-80.000,222,0,0,1,1,
302.357,26.138,-0.047,-1.518,30.000,80.125,80.000,217,0,0,0,0,
302.843,24.938,-2.657,-3.050,30.000,85.750,80.000,228,0,0,0,0,
303.345,23.539,-3.508,-2.427,30.000,88.000,80.000,232,0,0,0,0,
303.828,22.952,-1.938,-0.100,30.000,87.875,80.000,232,0,0,0,0,
304.329,22.744,-0.591,1.020,30.000,85.625,80.000,228,0,0,0,0,
304.847,22.505,-0.317,0.746,30.000,84.000,80.000,225,0,0,0,0,
305.350,22.462,0.114,0.802,30.000,83.500,80.000,224,0,0,0,0,
305.838,23.027,1.296,1.455,30.000,-78.625,-80.000,214,0,0,1,1,
306.353,23.897,2.116,1.547,30.000,-81.000,-80.000,219,0,0,1,1,
306.841,24.454,1.453,0.265,30.000,-81.000,-80.000,219,0,0,1,1,
307.339,24.145,-0.567,-1.625,30.000,81.875,80.000,221,0,0,0,0,
307.840,23.079,-2.502,-2.581,30.000,86.750,80.000,230,0,0,0,0,
308.340,22.125,-2.542,-1.480,30.000,88.000,80.000,232,0,0,0,0,
308.840,21.858,-0.951,0.525,30.000,86.875,80.000,230,0,0,0,0,
309.349,22.111,0.502,1.469,30.000,83.500,80.000,224,0,0,0,0,
309.850,22.278,0.663,0.946,30.000,82.500,80.000,222,0,0,0,0,
310.367,22.654,0.940,0.743,30.000,81.625,80.000,220,0,0,0,0,
310.837,23.411,1.631,0.976,30.000,-79.750,-80.000,216,0,0,1,1,
311.350,24.219,1.755,0.582,30.000,-81.875,-80.000,221,0,0,1,1,
311.849,24.353,0.404,-0.857,30.000,80.500,80.000,218,0,0,0,0,
312.349,23.467,-1.890,-2.422,30.000,85.125,80.000,227,0,0,0,0,
312.832,22.302,-2.887,-2.205,30.000,87.875,80.000,232,0,0,0,0,
313.347,21.539,-2.135,-0.625,30.000,88.000,80.000,232,0,0,0,0,
313.843,21.507,-0.393,1.055,30.000,85.750,80.000,228,0,0,0,0,
314.326,21.480,0.078,0.920,30.000,83.875,80.000,224,0,0,0,0,
314.826,21.603,0.455,0.829,30.000,83.125,80.000,223,0,0,0,0,
315.345,22.021,1.113,1.085,30.000,-78.000,-80.000,213,0,0,1,1,
315.850,23.113,2.333,1.596,30.000,-80.500,-80.000,218,0,0,1,1,
316.342,24.100,2.343,0.885,30.000,-82.500,-80.000,222,0,0,1,1,
316.844,24.356,0.743,-0.888,30.000,80.125,80.000,217,0,0,0,0,
317.348,23.645,-1.555,-2.445,30.000,84.875,80.000,226,0,0,0,0,
317.831,22.580,-2.688,-2.338,30.000,87.875,80.000,232,0,0,0,0,
318.345,21.937,-1.939,-0.710,30.000,87.750,80.000,232,0,0,0,0,
318.834,21.859,-0.465,0.802,30.000,86.125,80.000,229,0,0,0,0,
319.337,22.064,0.441,1.129,30.000,83.000,80.000,223,0,0,0,0,
319.838,22.397,0.890,0.990,30.000,81.500,80.000,220,0,0,0,0,
320.354,22.978,1.445,1.062,30.000,-79.750,-80.000,216,0,0,1,1,
320.853,23.805,1.945,1.054,30.000,-79.875,-80.000,217,0,0,1,1,
321.351,24.081,0.734,-0.517,30.000,80.500,80.000,218,0,0,0,0,
321.864,23.450,-1.388,-2.142,30.000,84.375,80.000,225,0,0,0,0,
322.335,22.217,-2.909,-2.470,30.000,87.875,80.000,232,0,0,0,0,
322.835,21.334,-2.337,-0.869,30.000,88.000,80.000,232,0,0,0,0,
323.333,21.368,-0.345,1.123,30.000,86.000,80.000,228,0,0,0,0,
323.834,21.442,0.350,1.192,30.000,83.750,80.000,224,0,0,0,0,
324.334,21.404,0.188,0.507,30.000,83.500,80.000,224,0,0,0,0,
324.832,21.853,1.095,1.120,30.000,-77.875,-80.000,213,0,0,1,1,
325.345,22.895,2.331,1.686,30.000,-80.250,-80.000,217,0,0,1,1,
325.831,23.919,2.409,0.978,30.000,-82.625,-80.000,222,0,0,1,1,
326.350,24.068,0.539,-1.080,30.000,79.875,80.000,217,0,0,0,0,
326.853,23.343,-1.678,-2.517,30.000,84.875,80.000,226,0,0,0,0,
327.344,22.552,-2.194,-1.859,30.000,87.625,80.000,231,0,0,0,0,
327.845,22.212,-1.149,-0.141,30.000,87.000,80.000,230,0,0,0,0,
328.328,22.519,0.445,1.227,30.000,83.750,80.000,224,0,0,0,0,
328.833,22.894,0.962,1.078,30.000,-78.625,-80.000,214,0,0,1,1,
329.336,23.376,1.228,0.833,30.000,-79.875,-80.000,217,0,0,1,1,
329.854,23.624,0.701,0.009,30.000,81.000,80.000,219,0,0,0,0,
330.342,23.242,-0.781,-1.303,30.000,83.500,80.000,224,0,0,0,0,
330.830,22.189,-2.385,-2.097,30.000,87.125,80.000,231,0,0,0,0,
331.348,21.540,-1.773,-0.616,30.000,87.500,80.000,231,0,0,0,0,
331.850,21.997,0.697,1.761,30.000,84.375,80.000,225,0,0,0,0,
332.352,22.724,1.792,1.879,30.000,-79.500,-80.000,216,0,0,1,1,
332.840,22.939,0.890,0.264,30.000,80.000,80.000,217,0,0,0,0,
333.344,22.680,-0.350,-0.865,30.000,83.500,80.000,224,0,0,0,0,
333.850,22.324,-0.926,-0.992,30.000,85.375,80.000,227,0,0,0,0,
334.334,22.107,-0.753,-0.453,30.000,85.500,80.000,227,0,0,0,0,
334.836,22.361,0.359,0.694,30.000,84.000,80.000,225,0,0,0,0,
335.336,23.051,1.546,1.418,30.000,-78.500,-80.000,214,0,0,1,1,
335.840,24.205,2.532,1.576,30.000,-82.250,-80.000,221,0,0,1,1,
336.345,24.753,1.473,-0.046,30.000,-81.375,-80.000,220,0,0,1,1,
336.833,24.632,-0.226,-1.485,30.000,82.375,80.000,221,0,0,0,0,l35
337.210,24.600,-0.200,-1.400,,82.375,80.000,221,,,,,
337.869,22.828,-2.377,-1.577,30.000,88.000,80.000,232,0,0,0,0,
338.353,22.527,-1.027,0.268,35.000,80.000,80.000,217,0,0,0,0,
338.839,22.766,0.419,1.324,35.000,80.000,80.000,217,0,0,0,0,
339.340,23.042,0.702,0.877,35.000,80.000,80.000,217,0,0,0,0,
339.857,23.589,1.223,0.889,35.000,80.000,80.000,217,0,0,0,0,
340.355,24.756,2.495,1.567,35.000,-77.750,-80.000,213,0,0,1,1,
340.841,26.357,3.510,1.713,35.000,-80.750,-80.000,218,0,0,1,1,
341.358,27.515,2.744,0.292,35.000,-83.000,-80.000,223,0,0,1,1,
341.843,28.013,1.106,-1.243,35.000,79.125,80.000,215,0,0,0,0,
342.343,27.622,-0.961,-2.412,35.000,82.250,80.000,221,0,0,0,0,
342.830,27.142,-1.566,-1.896,35.000,86.250,80.000,229,0,0,0,0,
343.346,27.183,-0.516,-0.232,35.000,86.875,80.000,230,0,0,0,0,
343.832,27.794,1.044,1.151,35.000,-76.500,-80.000,210,0,0,1,1,
344.332,28.887,2.350,1.708,35.000,-79.375,-80.000,216,0,0,1,1,
344.836,29.945,2.440,0.978,35.000,-82.750,-80.000,222,0,0,1,1,
345.354,30.699,1.713,-0.107,35.000,-82.500,-80.000,222,0,0,1,1,
345.842,30.528,-0.347,-1.845,35.000,79.875,80.000,217,0,0,0,0,
346.328,29.596,-2.249,-2.649,35.000,84.375,80.000,225,0,0,0,0,
346.830,28.742,-2.342,-1.548,35.000,87.500,80.000,231,0,0,0,0,
347.327,28.479,-0.958,0.301,35.000,87.500,80.000,231,0,0,0,0,
347.840,28.847,0.679,1.510,35.000,84.875,80.000,226,0,0,0,0,
348.344,29.450,1.519,1.546,35.000,-78.750,-80.000,215,0,0,1,1,
348.843,30.031,1.501,0.825,35.000,-81.125,-80.000,219,0,0,1,1,
349.358,30.337,0.822,-0.128,35.000,-80.625,-80.000,218,0,0,1,1,
349.857,30.044,-0.707,-1.465,35.000,81.250,80.000,219,0,0,0,0,
350.340,28.911,-2.522,-2.333,35.000,84.750,80.000,226,0,0,0,0,
350.843,27.859,-2.665,-1.430,35.000,87.750,80.000,232,0,0,0,0,
351.348,27.840,-0.504,1.008,35.000,87.625,80.000,231,0,0,0,0,
351.848,28.489,1.304,1.986,35.000,-77.625,-80.000,212,0,0,1,1,
352.333,28.748,1.029,0.893,35.000,-79.875,-80.000,217,0,0,1,1,
352.835,28.612,-0.038,-0.418,35.000,81.375,80.000,220,0,0,0,0,
353.338,28.418,-0.538,-0.701,35.000,83.125,80.000,223,0,0,0,0,
353.836,28.372,-0.379,-0.324,35.000,83.500,80.000,224,0,0,0,0,
354.367,28.667,0.511,0.590,35.000,84.000,80.000,225,0,0,0,0,
354.835,29.723,2.195,1.758,35.000,-79.125,-80.000,215,0,0,1,1,
355.336,31.085,3.097,1.734,35.000,-82.625,-80.000,222,0,0,1,1,
355.836,31.880,1.997,0.006,35.000,-83.750,-80.000,224,0,0,1,1,
356.336,31.937,0.082,-1.694,35.000,78.375,80.000,214,0,0,0,0,
356.852,31.256,-1.723,-2.490,35.000,83.125,80.000,223,0,0,0,0,
357.339,30.404,-2.206,-1.752,35.000,86.500,80.000,229,0,0,0,0,s
357.833,30.141,-1.055,-0.044,,0.000,0.000,0,1,0,1,0,
358.333,30.289,0.162,0.953,,0.000,0.000,0,0,1,0,1,
358.864,30.451,0.491,0.778,,0.000,0.000,0,1,0,1,0,
359.350,30.261,-0.213,-0.195,,0.000,0.000,0,0,1,0,1,
359.837,29.913,-0.727,-0.548,,0.000,0.000,0,1,0,1,0,
360.352,29.609,-0.733,-0.306,,0.000,0.000,0,0,1,0,1,
360.836,29.247,-0.845,-0.300,,0.000,0.000,0,1,0,1,0,
361.356,28.539,-1.521,-0.782,,0.000,0.000,0,0,1,0,1,
361.842,27.487,-2.263,-1.067,,0.000,0.000,0,1,0,1,0,
362.372,26.322,-2.632,-0.947,,0.000,0.000,0,0,1,0,1,
