elapsed_s,depth_cm,depth_speed_cm_s,depth_accel_cm_s2,target_depth_cm,pid_output,pid_base,buoyancy_pwm,valve_a_on,valve_b_on,valve_e_on,valve_f_on,commands,forward_active
100.239,10.390,-0.064,-0.017,,0.000,0.000,0,0,0,0,0,,0
100.742,10.478,0.099,0.086,,0.000,0.000,0,0,0,0,0,,0
101.229,10.456,-0.069,-0.129,,0.000,0.000,0,0,0,0,0,,0
101.746,10.360,-0.243,-0.238,,0.000,0.000,0,0,0,0,0,,0
102.232,10.413,-0.019,0.015,,0.000,0.000,0,0,0,0,0,,0
102.732,10.480,0.073,0.046,,0.000,0.000,0,0,0,0,0,,0
103.248,10.437,-0.073,-0.105,,0.000,0.000,0,0,0,0,0,,0
103.732,10.436,-0.051,-0.054,,0.000,0.000,0,0,0,0,0,l30,0
104.250,10.431,-0.067,-0.073,30.000,80.000,80.000,217,0,0,0,0,,0
104.747,10.478,0.007,-0.021,30.000,80.000,80.000,217,0,0,0,0,,0
105.233,10.465,-0.057,-0.085,30.000,80.000,80.000,217,0,0,0,0,,0
105.766,10.423,-0.170,-0.187,30.000,80.000,80.000,217,0,0,0,0,,0
106.233,10.550,0.176,0.179,30.000,80.000,80.000,217,0,0,0,0,,0
106.738,10.508,-0.031,-0.077,30.000,80.000,80.000,217,0,0,0,0,,0
107.244,10.470,-0.170,-0.216,30.000,80.000,80.000,217,0,0,0,0,,0
107.744,10.472,-0.044,-0.010,30.000,80.000,80.000,217,0,0,0,0,,0
108.225,10.499,0.023,0.032,30.000,80.000,80.000,217,0,0,0,0,,0
108.747,10.520,0.005,-0.029,30.000,80.000,80.000,217,0,0,0,0,,0
109.248,10.523,-0.050,-0.094,30.000,80.000,80.000,217,0,0,0,0,,0
109.746,10.590,0.035,-0.029,30.000,80.000,80.000,217,0,0,0,0,,0
110.248,10.497,-0.117,-0.102,30.000,80.000,80.000,217,0,0,0,0,,0
110.751,10.489,-0.093,-0.070,30.000,80.000,80.000,217,0,0,0,0,,0
111.250,10.517,-0.010,0.003,30.000,80.000,80.000,217,0,0,0,0,,0
111.749,10.601,0.133,0.099,30.000,80.000,80.000,217,0,0,0,0,,0
112.233,10.439,-0.257,-0.253,30.000,80.000,80.000,217,0,0,0,0,,0
112.730,10.542,0.042,0.053,30.000,80.000,80.000,217,0,0,0,0,,0
113.245,10.518,-0.059,-0.075,30.000,80.000,80.000,217,0,0,0,0,,0
113.746,10.511,-0.053,-0.050,30.000,80.000,80.000,217,0,0,0,0,,0
114.232,10.526,-0.070,-0.101,30.000,80.000,80.000,217,0,0,0,0,,0
114.746,10.574,0.022,-0.011,30.000,80.000,80.000,217,0,0,0,0,,0
115.233,10.455,-0.154,-0.103,30.000,80.000,80.000,217,0,0,0,0,,0
115.748,10.414,-0.195,-0.152,30.000,80.000,80.000,217,0,0,0,0,,0
116.248,10.336,-0.284,-0.224,30.000,80.000,80.000,217,0,0,0,0,,0
116.732,10.345,-0.105,-0.019,30.000,80.000,80.000,217,0,0,0,0,,0
117.232,10.275,-0.137,-0.032,30.000,80.000,80.000,217,0,0,0,0,,0
117.732,10.343,0.090,0.150,30.000,80.000,80.000,217,0,0,0,0,,0
118.236,10.204,-0.269,-0.247,30.000,80.000,80.000,217,0,0,0,0,,0
118.739,10.097,-0.289,-0.167,30.000,80.000,80.000,217,0,0,0,0,,0
119.239,10.061,-0.023,0.198,30.000,80.000,80.000,217,0,0,0,0,,0
119.744,9.927,-0.202,-0.031,30.000,80.000,80.000,217,0,0,0,0,,0
120.244,10.074,0.180,0.241,30.000,80.000,80.000,217,0,0,0,0,,0
120.727,,,,30.000,80.000,80.000,217,0,0,0,0,,0
121.247,10.009,-0.212,-0.262,30.000,80.000,80.000,217,0,0,0,0,,0
121.752,10.044,-0.033,-0.023,30.000,80.000,80.000,217,0,0,0,0,,0
122.238,9.977,-0.144,-0.109,30.000,80.000,80.000,217,0,0,0,0,,0
122.756,9.946,-0.146,-0.101,30.000,80.000,80.000,217,0,0,0,0,,0
123.243,10.094,0.232,0.244,30.000,80.000,80.000,217,0,0,0,0,,0
123.748,9.843,-0.462,-0.480,30.000,80.000,80.000,217,0,0,0,0,,0
124.244,9.908,-0.094,-0.021,30.000,80.000,80.000,217,0,0,0,0,,0
124.745,9.912,-0.019,0.037,30.000,80.000,80.000,217,0,0,0,0,,0
125.247,9.977,0.146,0.168,30.000,80.000,80.000,217,0,0,0,0,,0
126.247,10.193,0.070,-0.148,30.000,80.000,80.000,217,0,0,0,0,,0
126.744,10.399,0.264,0.009,30.000,80.000,80.000,217,0,0,0,0,,0
127.228,10.385,0.048,-0.138,30.000,80.000,80.000,217,0,0,0,0,,0
127.731,10.366,-0.094,-0.219,30.000,80.000,80.000,217,0,0,0,0,,0
128.246,10.425,-0.044,-0.152,30.000,80.000,80.000,217,0,0,0,0,,0
128.734,10.572,0.161,0.025,30.000,80.000,80.000,217,0,0,0,0,,0
129.238,10.560,0.025,-0.073,30.000,80.000,80.000,217,0,0,0,0,s|s,0
129.749,10.579,0.068,0.029,,0.000,0.000,0,1,0,1,0,s|s,0
130.249,,,,,0.000,0.000,0,1,0,0,1,,0
130.761,10.425,-0.331,-0.328,,0.000,0.000,0,0,1,1,0,,0
131.245,10.386,-0.249,-0.173,,0.000,0.000,0,1,0,0,1,,0
131.728,10.430,0.042,0.151,,0.000,0.000,0,1,0,1,0,,0
132.244,10.547,0.200,0.173,,0.000,0.000,0,0,1,0,1,,0
132.746,10.566,0.036,-0.076,,0.000,0.000,0,1,0,1,0,,0
133.249,10.477,-0.232,-0.299,,0.000,0.000,0,0,1,0,1,,0
133.753,10.368,-0.327,-0.275,,0.000,0.000,0,1,0,1,0,,0
134.239,10.434,0.011,0.106,,0.000,0.000,0,0,1,0,1,,0
134.722,10.456,0.027,0.045,,0.000,0.000,0,1,0,1,0,,0
135.237,10.532,0.147,0.117,,0.000,0.000,0,0,1,0,0,,0
135.740,10.412,-0.236,-0.285,,0.000,0.000,0,0,0,0,0,,0
136.241,10.374,-0.161,-0.106,,0.000,0.000,0,0,0,0,0,,0
136.730,10.430,0.022,0.058,,0.000,0.000,0,0,0,0,0,,0
137.247,10.467,0.063,0.049,,0.000,0.000,0,0,0,0,0,,0
137.746,10.471,-0.036,-0.098,,0.000,0.000,0,0,0,0,0,,0
138.229,10.381,-0.238,-0.253,,0.000,0.000,0,0,0,0,0,,0
138.729,10.425,0.037,0.104,,0.000,0.000,0,0,0,0,0,,0
139.245,10.438,0.008,0.004,,0.000,0.000,0,0,0,0,0,,0
139.745,10.608,0.270,0.181,,0.000,0.000,0,0,0,0,0,,0
140.245,4.341,-13.810,-13.038,,0.000,0.000,0,0,0,0,0,,0
140.746,-1.608,-13.130,-5.436,,0.000,0.000,0,0,0,0,0,,0
141.230,-1.288,-3.407,5.116,,0.000,0.000,0,0,0,0,0,,0
141.746,-0.113,2.411,8.442,,0.000,0.000,0,0,0,0,0,,0
142.229,0.393,3.123,5.253,,0.000,0.000,0,0,0,0,0,,0
142.730,0.271,1.453,1.796,,0.000,0.000,0,0,0,0,0,,0
143.242,0.099,0.304,0.151,,0.000,0.000,0,0,0,0,0,,0
143.730,0.025,-0.042,-0.205,,0.000,0.000,0,0,0,0,0,,0
144.246,-0.007,-0.119,-0.205,,0.000,0.000,0,0,0,0,0,,0
144.743,-0.013,-0.090,-0.113,,0.000,0.000,0,0,0,0,0,,0
145.241,-0.008,-0.033,-0.024,,0.000,0.000,0,0,0,0,0,,0
145.724,-0.003,-0.005,0.008,,0.000,0.000,0,0,0,0,0,,0
146.238,-0.000,0.006,0.015,,0.000,0.000,0,0,0,0,0,,0
146.741,0.010,0.021,0.018,,0.000,0.000,0,0,0,0,0,,0
147.229,0.001,-0.008,-0.011,,0.000,0.000,0,0,0,0,0,,0
147.725,-0.001,-0.007,-0.006,,0.000,0.000,0,0,0,0,0,,0
148.224,0.004,0.004,0.003,,0.000,0.000,0,0,0,0,0,,0
148.723,-0.000,-0.005,-0.005,,0.000,0.000,0,0,0,0,0,,0
149.242,-0.000,-0.003,-0.001,,0.000,0.000,0,0,0,0,0,,0
149.742,-0.000,-0.001,0.001,,0.000,0.000,0,0,0,0,0,,0
150.225,0.011,0.027,0.027,,0.000,0.000,0,0,0,0,0,,0
150.757,0.009,0.007,-0.001,,0.000,0.000,0,0,0,0,0,,0
151.226,0.025,0.024,0.007,,0.000,0.000,0,0,0,0,0,,0
151.724,0.042,0.054,0.041,,0.000,0.000,0,0,0,0,0,,0
152.224,0.026,-0.004,-0.022,,0.000,0.000,0,0,0,0,0,,0
152.725,0.032,0.004,-0.010,,0.000,0.000,0,0,0,0,0,,0
153.227,0.022,-0.031,-0.044,,0.000,0.000,0,0,0,0,0,,0
153.726,0.037,0.003,-0.009,,0.000,0.000,0,0,0,0,0,,0
154.229,0.010,-0.043,-0.038,,0.000,0.000,0,0,0,0,0,,0
154.728,0.043,0.041,0.042,,0.000,0.000,0,0,0,0,0,,0
155.247,0.026,-0.024,-0.037,,0.000,0.000,0,0,0,0,0,,0
155.746,0.071,0.126,0.135,,0.000,0.000,0,0,0,0,0,,0
156.220,0.005,-0.096,-0.109,,0.000,0.000,0,0,0,0,0,,0
156.750,-0.009,-0.072,-0.049,,0.000,0.000,0,0,0,0,0,,0
157.236,-0.004,-0.011,0.021,,0.000,0.000,0,0,0,0,0,,0
157.717,0.001,0.012,0.028,,0.000,0.000,0,0,0,0,0,,0
158.233,0.001,0.008,0.013,,0.000,0.000,0,0,0,0,0,,0
158.732,0.001,0.003,0.003,,0.000,0.000,0,0,0,0,0,,0
159.246,0.000,0.000,-0.000,,0.000,0.000,0,0,0,0,0,,0
159.731,0.000,-0.000,-0.000,,0.000,0.000,0,0,0,0,0,,0
160.232,-0.000,-0.000,-0.000,,0.000,0.000,0,0,0,0,0,,0
160.762,,,,,0.000,0.000,0,0,0,0,0,,0
161.231,-0.000,0.000,0.000,,0.000,0.000,0,0,0,0,0,,0
161.732,0.000,0.000,0.000,,0.000,0.000,0,0,0,0,0,,0
162.247,0.000,0.000,0.000,,0.000,0.000,0,0,0,0,0,,0
162.729,0.000,0.000,0.000,,0.000,0.000,0,0,0,0,0,,0
163.232,0.000,-0.000,-0.000,,0.000,0.000,0,0,0,0,0,,0
163.733,-0.000,-0.000,-0.000,,0.000,0.000,0,0,0,0,0,,0
164.253,-0.000,-0.000,-0.000,,0.000,0.000,0,0,0,0,0,,0
164.740,-0.000,-0.000,-0.000,,0.000,0.000,0,0,0,0,0,,0
165.226,-0.000,-0.000,0.000,,0.000,0.000,0,0,0,0,0,,0
165.747,0.014,0.028,0.023,,0.000,0.000,0,0,0,0,0,,0
166.235,0.003,-0.009,-0.016,,0.000,0.000,0,0,0,0,0,,0
166.751,-0.001,-0.013,-0.014,,0.000,0.000,0,0,0,0,0,,0
167.237,0.008,0.006,0.002,,0.000,0.000,0,0,0,0,0,,0
167.737,0.038,0.073,0.065,,0.000,0.000,0,0,0,0,0,,0
168.224,0.037,0.031,0.006,,0.000,0.000,0,0,0,0,0,,0
168.742,0.018,-0.020,-0.035,,0.000,0.000,0,0,0,0,0,,0
169.242,0.017,-0.013,-0.015,,0.000,0.000,0,0,0,0,0,,0
169.738,0.013,-0.019,-0.019,,0.000,0.000,0,0,0,0,0,,0
170.239,0.036,0.040,0.041,,0.000,0.000,0,0,0,0,0,,0
170.723,0.040,0.027,0.016,,0.000,0.000,0,0,0,0,0,,0
171.238,0.020,-0.032,-0.043,,0.000,0.000,0,0,0,0,0,,0
171.738,0.053,0.031,0.011,,0.000,0.000,0,0,0,0,0,,0
172.224,0.031,-0.033,-0.050,,0.000,0.000,0,0,0,0,0,,0
172.737,0.017,-0.052,-0.053,,0.000,0.000,0,0,0,0,0,,0
173.222,0.016,-0.032,-0.022,,0.000,0.000,0,0,0,0,0,,0
173.721,0.040,0.026,0.029,,0.000,0.000,0,0,0,0,0,,0
174.242,0.026,-0.019,-0.023,,0.000,0.000,0,0,0,0,0,,0
174.729,0.019,-0.020,-0.013,,0.000,0.000,0,0,0,0,0,,0
175.230,0.039,0.037,0.044,,0.000,0.000,0,0,0,0,0,,0
