source_session,elapsed_s,split,effort_correction_cm_s2
0,6.9,0,0.0
0,7.0,0,0.0
0,7.1,0,0.0
0,7.2,0,0.0
0,7.3,0,0.0
0,7.4,0,0.0
0,7.5,0,0.0
0,7.6,0,0.0
0,7.7,0,0.0
0,7.8,0,0.0
0,7.9,0,0.0
0,8.0,0,0.0
0,8.1,0,0.0
0,8.2,0,0.0
0,8.3,0,0.0
0,8.4,0,0.0
0,8.5,0,0.0
0,8.6,0,0.0
0,8.7,0,0.0
0,8.8,0,0.0
0,8.9,0,0.0
0,9.0,0,0.0
0,9.1,0,0.0
0,9.2,0,0.0
0,9.3,0,0.0
0,9.4,0,0.0
0,9.5,0,0.0
0,9.6,0,0.0
0,9.700000000000001,0,0.0
0,9.8,0,0.0
0,9.9,0,0.0
0,10.0,0,0.0
0,10.1,0,0.0
0,10.200000000000001,0,0.0
0,10.3,0,0.0
0,10.4,0,0.0
0,10.5,0,0.0
0,10.6,0,0.0
0,10.700000000000001,0,0.0
0,10.8,0,0.0
0,10.9,0,0.0
0,11.0,0,0.0
0,11.1,0,0.0
0,11.200000000000001,0,0.0
0,11.3,0,0.0
0,11.4,0,0.0
0,11.5,0,0.0
0,11.6,0,0.0
0,11.700000000000001,0,0.0
0,11.8,0,0.0
0,11.9,0,0.0
0,12.0,0,0.0
0,12.1,0,0.0
0,12.200000000000001,0,0.0
0,12.3,0,0.0
0,12.4,0,0.0
0,12.5,0,0.0
0,12.6,0,0.0
0,12.700000000000001,0,0.0
0,12.8,0,0.0
0,12.9,0,0.0
0,13.0,0,0.0
0,13.1,0,0.0
0,13.200000000000001,0,0.0
0,13.3,0,0.3
0,13.4,0,0.0
0,13.5,0,0.0
0,13.6,0,0.0
0,13.700000000000001,0,0.0
0,13.8,0,0.0
0,13.9,0,0.0
0,14.0,0,0.0
0,14.1,0,0.0
0,14.200000000000001,0,0.0
0,14.3,0,0.0
0,14.4,0,0.0
0,14.5,0,0.0
0,14.6,0,0.0
0,14.700000000000001,0,0.0
0,14.8,0,0.3
0,14.9,0,0.3
0,15.0,0,0.3
0,15.1,0,0.3
0,15.200000000000001,0,0.0
0,15.3,0,0.3
0,15.4,0,0.0
0,15.5,0,0.0
0,15.6,0,-0.3
0,15.700000000000001,0,-0.3
0,15.8,0,0.0
0,15.9,0,0.0
0,16.0,0,0.0
0,16.1,0,0.3
0,16.200000000000003,0,0.3
0,16.3,0,0.3
0,16.400000000000002,0,0.3
0,16.500000000000004,0,0.3
0,16.6,0,0.0
0,16.700000000000003,0,0.0
0,16.8,0,-0.3
0,16.900000000000002,0,0.0
0,17.000000000000004,0,0.0
0,17.1,0,-0.3
0,17.200000000000003,0,-0.3
0,17.3,0,-0.3
0,17.400000000000002,0,0.0
0,17.500000000000004,0,-0.3
0,17.6,0,0.0
0,17.700000000000003,0,0.0
0,17.8,0,0.3
0,17.900000000000002,0,0.3
0,18.000000000000004,0,0.0
0,18.1,0,-0.3
0,18.200000000000003,0,0.3
0,18.3,0,0.0
0,18.400000000000002,0,0.0
0,18.500000000000004,0,0.0
0,18.6,0,-0.3
0,18.700000000000003,0,-0.3
0,18.8,0,-0.3
0,18.900000000000002,0,0.0
0,19.000000000000004,0,-0.3
0,19.1,0,-0.3
0,19.200000000000003,0,-0.3
0,19.300000000000004,0,-0.3
0,19.400000000000002,0,-0.3
0,19.500000000000004,0,-0.3
0,19.6,0,-0.3
0,19.700000000000003,0,-0.3
0,19.800000000000004,0,-0.3
0,19.900000000000002,0,-0.3
0,20.000000000000004,0,-0.3
0,20.1,0,-0.3
0,20.200000000000003,0,-0.3
0,20.300000000000004,0,-0.3
0,20.400000000000002,0,-0.3
0,20.500000000000004,0,-0.3
0,20.6,0,-0.3
0,20.700000000000003,0,-0.3
0,20.800000000000004,0,0.0
0,20.900000000000002,0,0.0
0,21.000000000000004,0,0.0
0,21.1,0,0.0
0,21.200000000000003,0,-0.3
0,21.300000000000004,0,0.0
0,21.400000000000002,0,0.0
0,21.500000000000004,0,-0.3
0,21.6,0,-0.3
0,21.700000000000003,0,-0.3
0,21.800000000000004,0,0.0
0,21.900000000000002,0,0.0
0,22.000000000000004,0,-0.3
0,22.1,0,-0.3
0,22.200000000000003,0,-0.3
0,22.300000000000004,0,-0.3
0,22.400000000000002,0,0.0
0,22.500000000000004,0,-0.3
0,22.6,0,-0.3
0,22.700000000000003,0,-0.3
0,22.800000000000004,0,-0.3
0,22.900000000000002,0,-0.3
0,23.000000000000004,0,0.3
0,23.1,0,0.3
0,23.200000000000003,0,0.3
0,23.300000000000004,0,0.3
0,23.400000000000002,0,-0.3
0,23.500000000000004,0,0.0
0,23.6,0,-0.3
0,23.700000000000003,0,-0.3
0,23.800000000000004,0,-0.3
0,23.900000000000002,0,-0.3
0,24.000000000000004,0,-0.3
0,24.1,0,-0.3
0,24.200000000000003,0,-0.3
0,24.300000000000004,0,-0.3
0,24.400000000000002,0,-0.3
0,24.500000000000004,0,-0.3
0,24.6,0,-0.3
0,24.700000000000003,0,-0.3
0,24.800000000000004,0,-0.3
0,24.900000000000002,0,0.0
0,25.000000000000004,0,0.0
0,25.1,0,-0.3
0,25.200000000000003,0,-0.3
0,25.300000000000004,0,0.0
0,25.400000000000002,0,0.0
0,25.500000000000004,0,-0.3
0,25.6,0,-0.3
0,25.700000000000003,0,-0.3
0,25.800000000000004,0,-0.3
0,25.900000000000002,0,-0.3
0,26.000000000000004,0,-0.3
0,26.1,0,-0.3
0,26.200000000000003,0,-0.3
0,26.300000000000004,0,-0.3
0,26.400000000000002,0,-0.3
0,26.500000000000004,0,-0.3
0,26.6,0,-0.3
0,26.700000000000003,0,-0.3
0,26.800000000000004,0,-0.3
0,26.900000000000002,0,-0.3
0,27.000000000000004,0,-0.3
0,27.1,0,-0.3
0,27.200000000000003,0,-0.3
0,27.300000000000004,0,0.0
0,27.400000000000002,0,-0.3
0,27.500000000000004,0,-0.3
0,27.6,0,-0.3
0,27.700000000000003,0,0.0
0,27.800000000000004,0,-0.3
0,27.900000000000002,0,-0.3
0,28.000000000000004,0,-0.3
0,28.1,0,-0.3
0,28.200000000000003,0,-0.3
0,28.300000000000004,0,-0.3
0,28.400000000000002,0,0.0
0,28.500000000000004,0,-0.3
0,28.6,0,0.0
0,28.700000000000003,0,-0.3
0,28.800000000000004,0,0.0
0,28.900000000000002,0,0.0
0,29.000000000000004,0,-0.3
0,29.1,0,-0.3
0,29.200000000000003,0,-0.3
0,29.300000000000004,0,-0.3
0,29.400000000000002,0,0.0
0,29.500000000000004,0,0.0
0,29.6,0,0.0
0,29.700000000000003,0,-0.3
0,29.800000000000004,0,0.0
0,29.900000000000002,0,-0.3
0,30.000000000000004,0,-0.3
0,30.1,0,0.0
0,30.200000000000003,0,0.0
0,30.300000000000004,0,0.0
0,30.400000000000002,0,-0.3
0,30.500000000000004,0,-0.3
0,30.6,0,-0.3
0,30.700000000000003,0,-0.3
0,30.800000000000004,0,-0.3
0,30.900000000000002,0,-0.3
0,31.000000000000004,0,-0.3
0,37.0,1,-0.3
0,37.1,1,-0.3
0,37.2,1,-0.3
0,37.300000000000004,1,-0.3
0,37.400000000000006,1,-0.3
0,37.5,1,-0.3
0,37.6,1,-0.3
0,37.7,1,-0.3
0,37.800000000000004,1,0.0
0,37.900000000000006,1,0.0
0,38.0,1,0.0
0,38.1,1,-0.3
0,38.2,1,0.0
0,38.300000000000004,1,-0.3
0,38.400000000000006,1,0.3
0,38.50000000000001,1,0.3
0,38.6,1,0.3
0,38.7,1,0.0
0,38.800000000000004,1,0.0
0,38.900000000000006,1,0.3
0,39.00000000000001,1,0.0
0,39.1,1,0.0
0,39.2,1,0.0
0,39.300000000000004,1,0.0
0,39.400000000000006,1,0.0
0,39.50000000000001,1,0.0
0,39.6,1,0.0
0,39.7,1,0.0
0,39.800000000000004,1,0.0
0,39.900000000000006,1,0.0
0,40.00000000000001,1,0.0
0,40.1,1,0.0
0,40.2,1,0.0
0,40.300000000000004,1,-0.3
0,40.400000000000006,1,0.3
0,40.50000000000001,1,0.3
0,40.6,1,-0.3
0,40.7,1,-0.3
0,40.800000000000004,1,-0.3
0,40.900000000000006,1,-0.3
0,41.00000000000001,1,-0.3
0,41.1,1,-0.3
0,41.2,1,-0.3
0,41.300000000000004,1,-0.3
0,41.400000000000006,1,-0.3
0,41.50000000000001,1,-0.3
0,41.6,1,-0.3
0,41.7,1,-0.3
0,41.800000000000004,1,-0.3
0,41.900000000000006,1,-0.3
0,42.00000000000001,1,-0.3
0,42.1,1,-0.3
0,42.2,1,-0.3
0,42.300000000000004,1,-0.3
0,42.400000000000006,1,0.3
0,42.50000000000001,1,0.3
0,42.6,1,0.3
0,42.7,1,0.3
0,42.800000000000004,1,0.3
0,42.900000000000006,1,0.3
0,43.00000000000001,1,0.3
0,43.1,1,0.3
0,43.2,1,0.3
0,43.300000000000004,1,0.3
0,43.400000000000006,1,0.3
0,43.50000000000001,1,0.3
0,43.6,1,0.0
0,43.7,1,0.0
0,43.800000000000004,1,0.0
0,43.900000000000006,1,0.0
0,50.00000000000001,2,-0.3
0,50.1,2,-0.3
0,50.2,2,-0.3
0,50.300000000000004,2,-0.3
0,50.400000000000006,2,-0.3
0,50.50000000000001,2,-0.3
0,50.6,2,-0.3
0,50.7,2,-0.3
0,50.800000000000004,2,-0.3
0,50.900000000000006,2,-0.3
0,51.00000000000001,2,-0.3
0,51.1,2,-0.3
0,51.2,2,-0.3
0,51.300000000000004,2,0.3
0,51.400000000000006,2,0.3
0,51.50000000000001,2,0.3
0,51.6,2,0.3
0,51.7,2,0.3
0,51.800000000000004,2,0.3
0,51.900000000000006,2,0.3
0,52.00000000000001,2,0.3
0,52.1,2,0.0
0,52.2,2,0.3
0,52.300000000000004,2,0.3
0,52.400000000000006,2,0.0
0,52.50000000000001,2,0.0
0,52.6,2,0.0
0,52.7,2,0.0
0,52.800000000000004,2,-0.3
0,52.900000000000006,2,0.3
0,53.00000000000001,2,0.3
0,53.1,2,0.3
0,53.2,2,0.3
0,53.300000000000004,2,0.3
0,53.400000000000006,2,0.3
0,53.50000000000001,2,0.3
0,53.6,2,0.3
0,53.7,2,0.0
0,53.800000000000004,2,0.3
0,53.900000000000006,2,0.0
0,54.00000000000001,2,0.3
0,54.1,2,0.3
0,54.2,2,0.3
0,54.300000000000004,2,0.0
0,54.400000000000006,2,0.0
0,54.50000000000001,2,-0.3
0,54.6,2,-0.3
0,54.7,2,-0.3
0,54.800000000000004,2,-0.3
0,54.900000000000006,2,-0.3
0,55.00000000000001,2,-0.3
0,55.1,2,-0.3
0,55.2,2,-0.3
0,55.300000000000004,2,-0.3
0,55.400000000000006,2,-0.3
0,55.50000000000001,2,-0.3
0,55.6,2,-0.3
0,55.7,2,-0.3
0,55.800000000000004,2,-0.3
0,55.900000000000006,2,-0.3
0,56.00000000000001,2,0.3
0,56.1,2,0.3
0,56.2,2,0.3
0,56.300000000000004,2,0.3
0,56.400000000000006,2,0.3
0,56.50000000000001,2,0.3
0,56.6,2,0.3
0,56.7,2,0.3
0,56.800000000000004,2,-0.3
1,5.7,0,0.0
1,5.8,0,0.0
1,5.9,0,0.0
1,6.0,0,0.0
1,6.1,0,0.0
1,6.2,0,0.0
1,6.3,0,0.0
1,6.4,0,0.0
1,6.5,0,0.0
1,6.6,0,0.0
1,6.7,0,0.0
1,6.8,0,0.0
1,6.9,0,0.0
1,7.0,0,0.0
1,7.1,0,0.0
1,7.2,0,0.0
1,7.3,0,0.0
1,7.4,0,0.0
1,7.5,0,0.0
1,7.6,0,0.0
1,7.7,0,0.0
1,7.8,0,0.0
1,7.9,0,0.0
1,8.0,0,0.0
1,8.1,0,0.0
1,8.2,0,0.0
1,8.3,0,0.0
1,8.4,0,0.0
1,8.5,0,0.0
1,8.6,0,0.0
1,8.7,0,0.0
1,8.8,0,0.0
1,8.9,0,0.0
1,9.0,0,0.0
1,9.1,0,0.0
1,9.2,0,0.0
1,9.3,0,0.0
1,9.4,0,0.0
1,9.5,0,0.0
1,9.6,0,0.0
1,9.700000000000001,0,0.0
1,9.8,0,0.0
1,9.9,0,0.0
1,10.0,0,0.0
1,10.1,0,0.0
1,10.200000000000001,0,0.0
1,10.3,0,0.0
1,10.4,0,0.0
1,10.5,0,0.0
1,10.6,0,0.0
1,10.700000000000001,0,0.0
1,10.8,0,0.0
1,10.9,0,0.0
1,11.0,0,0.0
1,11.1,0,0.0
1,11.200000000000001,0,0.0
1,11.3,0,0.0
1,11.4,0,0.0
1,11.5,0,0.0
1,11.6,0,0.0
1,11.700000000000001,0,0.0
1,11.8,0,0.0
1,11.9,0,0.0
1,12.0,0,0.0
1,12.1,0,0.0
1,12.200000000000001,0,0.0
1,12.3,0,0.0
1,12.4,0,0.0
1,12.5,0,0.0
1,12.6,0,0.0
1,12.700000000000001,0,0.0
1,12.8,0,0.0
1,12.9,0,0.0
1,13.0,0,0.0
1,13.1,0,0.0
1,13.200000000000001,0,0.0
1,13.3,0,0.3
1,13.4,0,0.0
1,13.5,0,0.0
1,13.6,0,0.0
1,13.700000000000001,0,0.0
1,13.8,0,0.0
1,13.9,0,0.0
1,14.0,0,0.0
1,14.1,0,0.0
1,14.200000000000001,0,0.0
1,14.3,0,0.0
1,14.4,0,0.0
1,14.5,0,0.0
1,14.6,0,0.0
1,14.700000000000001,0,-0.3
1,14.8,0,-0.3
1,14.9,0,-0.3
1,15.0,0,-0.3
1,15.1,0,-0.3
1,15.200000000000001,0,-0.3
1,15.3,0,-0.3
1,15.4,0,-0.3
1,15.5,0,-0.3
1,15.6,0,-0.3
1,15.700000000000001,0,-0.3
1,15.8,0,-0.3
1,15.9,0,-0.3
1,16.0,0,-0.3
1,16.1,0,-0.3
1,16.200000000000003,0,-0.3
1,16.3,0,-0.3
1,16.400000000000002,0,-0.3
1,16.500000000000004,0,-0.3
1,16.6,0,-0.3
1,16.700000000000003,0,-0.3
1,16.8,0,-0.3
1,16.900000000000002,0,-0.3
1,17.000000000000004,0,-0.3
1,17.1,0,-0.3
1,17.200000000000003,0,-0.3
1,17.3,0,0.0
1,17.400000000000002,0,-0.3
1,17.500000000000004,0,-0.3
1,17.6,0,-0.3
1,17.700000000000003,0,-0.3
1,17.8,0,-0.3
1,17.900000000000002,0,-0.3
1,18.000000000000004,0,-0.3
1,18.1,0,-0.3
1,18.200000000000003,0,-0.3
1,18.3,0,-0.3
1,18.400000000000002,0,-0.3
1,18.500000000000004,0,-0.3
1,18.6,0,-0.3
1,18.700000000000003,0,-0.3
1,18.8,0,-0.3
1,18.900000000000002,0,-0.3
1,19.000000000000004,0,-0.3
1,19.1,0,-0.3
1,19.200000000000003,0,-0.3
1,19.300000000000004,0,-0.3
1,19.400000000000002,0,-0.3
1,19.500000000000004,0,-0.3
1,19.6,0,-0.3
1,19.700000000000003,0,-0.3
1,19.800000000000004,0,-0.3
1,19.900000000000002,0,-0.3
1,20.000000000000004,0,-0.3
1,20.1,0,-0.3
1,20.200000000000003,0,-0.3
1,20.300000000000004,0,-0.3
1,20.400000000000002,0,-0.3
1,20.500000000000004,0,-0.3
1,20.6,0,-0.3
1,20.700000000000003,0,-0.3
1,20.800000000000004,0,-0.3
1,20.900000000000002,0,0.0
1,21.000000000000004,0,-0.3
1,21.1,0,-0.3
1,21.200000000000003,0,-0.3
1,21.300000000000004,0,-0.3
1,21.400000000000002,0,-0.3
1,21.500000000000004,0,-0.3
1,21.6,0,-0.3
1,21.700000000000003,0,-0.3
1,21.800000000000004,0,-0.3
1,21.900000000000002,0,-0.3
1,22.000000000000004,0,-0.3
1,22.1,0,-0.3
1,22.200000000000003,0,-0.3
1,22.300000000000004,0,-0.3
1,22.400000000000002,0,0.0
1,22.500000000000004,0,-0.3
1,22.6,0,-0.3
1,22.700000000000003,0,-0.3
1,22.800000000000004,0,-0.3
1,22.900000000000002,0,-0.3
1,23.000000000000004,0,-0.3
1,23.1,0,-0.3
1,23.200000000000003,0,-0.3
1,23.300000000000004,0,0.0
1,23.400000000000002,0,0.0
1,23.500000000000004,0,0.0
1,23.6,0,-0.3
1,23.700000000000003,0,-0.3
1,23.800000000000004,0,-0.3
1,23.900000000000002,0,-0.3
1,24.000000000000004,0,-0.3
1,24.1,0,-0.3
1,24.200000000000003,0,-0.3
1,24.300000000000004,0,-0.3
1,24.400000000000002,0,-0.3
1,24.500000000000004,0,-0.3
1,24.6,0,-0.3
1,24.700000000000003,0,-0.3
1,24.800000000000004,0,-0.3
1,24.900000000000002,0,-0.3
1,25.000000000000004,0,-0.3
1,25.1,0,-0.3
1,25.200000000000003,0,0.0
1,25.300000000000004,0,-0.3
1,25.400000000000002,0,-0.3
1,25.500000000000004,0,-0.3
1,25.6,0,-0.3
1,25.700000000000003,0,-0.3
1,25.800000000000004,0,-0.3
1,25.900000000000002,0,-0.3
1,26.000000000000004,0,-0.3
1,26.1,0,-0.3
1,26.200000000000003,0,-0.3
1,26.300000000000004,0,-0.3
1,26.400000000000002,0,-0.3
1,26.500000000000004,0,-0.3
1,26.6,0,-0.3
1,26.700000000000003,0,-0.3
1,26.800000000000004,0,-0.3
1,26.900000000000002,0,-0.3
1,27.000000000000004,0,-0.3
1,27.1,0,-0.3
1,27.200000000000003,0,-0.3
1,27.300000000000004,0,0.0
1,27.400000000000002,0,0.0
1,27.500000000000004,0,0.0
1,27.6,0,0.0
1,27.700000000000003,0,0.0
1,27.800000000000004,0,0.0
1,27.900000000000002,0,-0.3
1,28.000000000000004,0,0.3
1,28.1,0,0.0
1,28.200000000000003,0,-0.3
1,28.300000000000004,0,0.0
1,28.400000000000002,0,0.0
1,28.500000000000004,0,0.0
1,28.6,0,-0.3
1,28.700000000000003,0,0.0
1,28.800000000000004,0,0.0
1,28.900000000000002,0,0.0
1,29.000000000000004,0,-0.3
1,29.1,0,-0.3
1,29.200000000000003,0,-0.3
1,29.300000000000004,0,-0.3
1,29.400000000000002,0,-0.3
1,29.500000000000004,0,-0.3
1,29.6,0,-0.3
1,29.700000000000003,0,-0.3
1,29.800000000000004,0,-0.3
1,29.900000000000002,0,-0.3
1,30.000000000000004,0,-0.3
1,30.1,0,-0.3
1,30.200000000000003,0,-0.3
1,30.300000000000004,0,-0.3
1,30.400000000000002,0,0.3
1,30.500000000000004,0,0.3
1,30.6,0,0.3
1,30.700000000000003,0,0.3
1,30.800000000000004,0,0.3
1,30.900000000000002,0,0.3
1,31.000000000000004,0,0.0
1,37.0,1,0.0
1,37.1,1,0.0
1,37.2,1,0.0
1,37.300000000000004,1,0.0
1,37.400000000000006,1,0.0
1,37.5,1,0.0
1,37.6,1,0.0
1,37.7,1,0.0
1,37.800000000000004,1,0.0
1,37.900000000000006,1,0.0
1,38.0,1,0.0
1,38.1,1,0.0
1,38.2,1,-0.3
1,38.300000000000004,1,0.3
1,38.400000000000006,1,0.0
1,38.50000000000001,1,0.0
1,38.6,1,0.0
1,38.7,1,-0.3
1,38.800000000000004,1,-0.3
1,38.900000000000006,1,-0.3
1,39.00000000000001,1,-0.3
1,39.1,1,-0.3
1,39.2,1,-0.3
1,39.300000000000004,1,-0.3
1,39.400000000000006,1,-0.3
1,39.50000000000001,1,-0.3
1,39.6,1,-0.3
1,39.7,1,-0.3
1,39.800000000000004,1,0.0
1,39.900000000000006,1,0.3
1,40.00000000000001,1,0.3
1,40.1,1,0.3
1,40.2,1,0.3
1,40.300000000000004,1,0.3
1,40.400000000000006,1,0.3
1,40.50000000000001,1,0.3
1,40.6,1,0.3
1,40.7,1,0.3
1,40.800000000000004,1,-0.3
1,40.900000000000006,1,-0.3
1,41.00000000000001,1,-0.3
1,41.1,1,-0.3
1,41.2,1,-0.3
1,41.300000000000004,1,0.3
1,41.400000000000006,1,0.3
1,41.50000000000001,1,0.3
1,41.6,1,0.3
1,41.7,1,0.3
1,41.800000000000004,1,0.0
1,41.900000000000006,1,0.0
1,42.00000000000001,1,0.0
1,42.1,1,0.0
1,42.2,1,0.0
1,42.300000000000004,1,0.0
1,42.400000000000006,1,0.0
1,42.50000000000001,1,0.0
1,42.6,1,0.0
1,42.7,1,0.0
1,42.800000000000004,1,0.3
1,42.900000000000006,1,0.0
1,43.00000000000001,1,0.0
1,43.1,1,0.3
1,43.2,1,0.0
1,43.300000000000004,1,0.0
1,43.400000000000006,1,0.0
1,43.50000000000001,1,0.0
1,43.6,1,-0.3
1,43.7,1,-0.3
1,43.800000000000004,1,-0.3
1,43.900000000000006,1,-0.3
1,50.00000000000001,2,-0.3
1,50.1,2,-0.3
1,50.2,2,-0.3
1,50.300000000000004,2,-0.3
1,50.400000000000006,2,-0.3
1,50.50000000000001,2,-0.3
1,50.6,2,-0.3
1,50.7,2,-0.3
1,50.800000000000004,2,-0.3
1,50.900000000000006,2,-0.3
1,51.00000000000001,2,-0.3
1,51.1,2,-0.3
1,51.2,2,0.0
1,51.300000000000004,2,0.0
1,51.400000000000006,2,-0.3
1,51.50000000000001,2,-0.3
1,51.6,2,-0.3
1,51.7,2,-0.3
1,51.800000000000004,2,-0.3
1,51.900000000000006,2,-0.3
1,52.00000000000001,2,-0.3
1,52.1,2,0.0
1,52.2,2,-0.3
1,52.300000000000004,2,-0.3
1,52.400000000000006,2,-0.3
1,52.50000000000001,2,0.3
1,52.6,2,0.3
1,52.7,2,0.3
1,52.800000000000004,2,0.3
1,52.900000000000006,2,0.3
1,53.00000000000001,2,0.3
1,53.1,2,0.3
1,53.2,2,0.3
1,53.300000000000004,2,0.3
1,53.400000000000006,2,0.3
1,53.50000000000001,2,0.3
1,53.6,2,0.3
1,53.7,2,0.3
1,53.800000000000004,2,0.3
1,53.900000000000006,2,0.3
1,54.00000000000001,2,0.3
1,54.1,2,0.3
1,54.2,2,-0.3
1,54.300000000000004,2,-0.3
1,54.400000000000006,2,-0.3
1,54.50000000000001,2,-0.3
1,54.6,2,-0.3
1,54.7,2,-0.3
1,54.800000000000004,2,-0.3
1,54.900000000000006,2,-0.3
1,55.00000000000001,2,-0.3
1,55.1,2,-0.3
1,55.2,2,-0.3
1,55.300000000000004,2,-0.3
1,55.400000000000006,2,-0.3
1,55.50000000000001,2,-0.3
1,55.6,2,-0.3
1,55.7,2,-0.3
1,55.800000000000004,2,-0.3
1,55.900000000000006,2,-0.3
1,56.00000000000001,2,-0.3
1,56.1,2,-0.3
1,56.2,2,0.3
1,56.300000000000004,2,0.3
1,56.400000000000006,2,0.3
1,56.50000000000001,2,0.3
1,56.6,2,0.3
1,56.7,2,0.3
1,56.800000000000004,2,0.3
2,4.2,0,0.0
2,4.3,0,0.0
2,4.3999999999999995,0,0.0
2,4.5,0,0.0
2,4.6,0,0.0
2,4.7,0,0.0
2,4.8,0,0.0
2,4.9,0,0.0
2,5.0,0,0.0
2,5.1,0,0.0
2,5.2,0,0.0
2,5.3,0,0.0
2,5.4,0,0.0
2,5.5,0,0.0
2,5.6,0,0.0
2,5.7,0,0.0
2,5.8,0,0.0
2,5.9,0,0.0
2,6.0,0,0.0
2,6.1,0,0.0
2,6.2,0,0.0
2,6.3,0,0.0
2,6.4,0,0.0
2,6.5,0,0.0
2,6.6,0,0.0
2,6.7,0,0.0
2,6.8,0,0.0
2,6.9,0,0.0
2,7.0,0,0.0
2,7.1,0,0.0
2,7.2,0,0.0
2,7.3,0,0.0
2,7.4,0,0.0
2,7.5,0,0.0
2,7.6,0,0.0
2,7.7,0,0.0
2,7.8,0,0.0
2,7.9,0,0.0
2,8.0,0,0.0
2,8.1,0,0.0
2,8.2,0,0.0
2,8.3,0,0.0
2,8.4,0,0.0
2,8.5,0,0.0
2,8.6,0,0.0
2,8.7,0,0.0
2,8.8,0,0.0
2,8.9,0,0.0
2,9.0,0,0.0
2,9.1,0,0.0
2,9.2,0,0.0
2,9.3,0,0.0
2,9.4,0,0.0
2,9.5,0,0.0
2,9.6,0,0.0
2,9.700000000000001,0,0.0
2,9.8,0,0.0
2,9.9,0,0.0
2,10.0,0,0.0
2,10.1,0,0.0
2,10.200000000000001,0,0.0
2,10.3,0,0.0
2,10.4,0,0.0
2,10.5,0,0.0
2,10.6,0,0.0
2,10.700000000000001,0,0.0
2,10.8,0,0.0
2,10.9,0,0.0
2,11.0,0,0.0
2,11.1,0,0.0
2,11.200000000000001,0,0.0
2,11.3,0,0.0
2,11.4,0,0.0
2,11.5,0,0.0
2,11.6,0,0.0
2,11.700000000000001,0,0.0
2,11.8,0,0.0
2,11.9,0,0.0
2,12.0,0,0.0
2,12.1,0,0.0
2,12.200000000000001,0,0.0
2,12.3,0,0.0
2,12.4,0,0.0
2,12.5,0,0.0
2,12.6,0,0.0
2,12.700000000000001,0,0.0
2,12.8,0,0.0
2,12.9,0,0.0
2,13.0,0,0.0
2,13.1,0,0.0
2,13.200000000000001,0,0.0
2,13.3,0,0.0
2,13.4,0,0.0
2,13.5,0,0.0
2,13.6,0,0.0
2,13.700000000000001,0,0.0
2,13.8,0,0.0
2,13.9,0,0.0
2,14.0,0,0.0
2,14.1,0,0.0
2,14.200000000000001,0,0.0
2,14.3,0,0.0
2,14.4,0,0.0
2,14.5,0,0.0
2,14.6,0,0.0
2,14.700000000000001,0,0.0
2,14.8,0,0.0
2,14.9,0,0.0
2,15.0,0,0.0
2,15.1,0,0.0
2,15.200000000000001,0,0.0
2,15.3,0,0.0
2,15.4,0,0.0
2,15.5,0,0.0
2,15.6,0,0.0
2,15.700000000000001,0,0.0
2,15.8,0,0.0
2,15.9,0,0.0
2,16.0,0,0.0
2,16.1,0,0.0
2,16.200000000000003,0,0.0
2,16.3,0,-0.3
2,16.400000000000002,0,0.0
2,16.500000000000004,0,0.0
2,16.6,0,0.0
2,16.700000000000003,0,0.0
2,16.8,0,0.0
2,16.900000000000002,0,-0.3
2,17.000000000000004,0,-0.3
2,17.1,0,-0.3
2,17.200000000000003,0,-0.3
2,17.3,0,-0.3
2,17.400000000000002,0,-0.3
2,17.500000000000004,0,-0.3
2,17.6,0,-0.3
2,17.700000000000003,0,-0.3
2,17.8,0,-0.3
2,17.900000000000002,0,-0.3
2,18.000000000000004,0,-0.3
2,18.1,0,-0.3
2,18.200000000000003,0,-0.3
2,18.3,0,-0.3
2,18.400000000000002,0,-0.3
2,18.500000000000004,0,-0.3
2,18.6,0,-0.3
2,18.700000000000003,0,-0.3
2,18.8,0,-0.3
2,18.900000000000002,0,-0.3
2,19.000000000000004,0,-0.3
2,19.1,0,-0.3
2,19.200000000000003,0,-0.3
2,19.300000000000004,0,-0.3
2,19.400000000000002,0,-0.3
2,19.500000000000004,0,-0.3
2,19.6,0,-0.3
2,19.700000000000003,0,-0.3
2,19.800000000000004,0,-0.3
2,19.900000000000002,0,-0.3
2,20.000000000000004,0,-0.3
2,20.1,0,-0.3
2,20.200000000000003,0,-0.3
2,20.300000000000004,0,-0.3
2,20.400000000000002,0,-0.3
2,20.500000000000004,0,-0.3
2,20.6,0,-0.3
2,20.700000000000003,0,-0.3
2,20.800000000000004,0,-0.3
2,20.900000000000002,0,-0.3
2,21.000000000000004,0,-0.3
2,21.1,0,-0.3
2,21.200000000000003,0,-0.3
2,21.300000000000004,0,-0.3
2,21.400000000000002,0,-0.3
2,21.500000000000004,0,-0.3
2,21.6,0,-0.3
2,21.700000000000003,0,-0.3
2,21.800000000000004,0,-0.3
2,21.900000000000002,0,-0.3
2,22.000000000000004,0,-0.3
2,22.1,0,-0.3
2,22.200000000000003,0,-0.3
2,22.300000000000004,0,-0.3
2,22.400000000000002,0,-0.3
2,22.500000000000004,0,-0.3
2,22.6,0,-0.3
2,22.700000000000003,0,-0.3
2,22.800000000000004,0,-0.3
2,22.900000000000002,0,-0.3
2,23.000000000000004,0,-0.3
2,23.1,0,-0.3
2,23.200000000000003,0,-0.3
2,23.300000000000004,0,-0.3
2,23.400000000000002,0,-0.3
2,23.500000000000004,0,-0.3
2,23.6,0,-0.3
2,23.700000000000003,0,-0.3
2,23.800000000000004,0,-0.3
2,23.900000000000002,0,-0.3
2,24.000000000000004,0,-0.3
2,24.1,0,-0.3
2,24.200000000000003,0,-0.3
2,24.300000000000004,0,-0.3
2,24.400000000000002,0,-0.3
2,24.500000000000004,0,-0.3
2,24.6,0,-0.3
2,24.700000000000003,0,-0.3
2,24.800000000000004,0,-0.3
2,24.900000000000002,0,-0.3
2,25.000000000000004,0,-0.3
2,25.1,0,-0.3
2,25.200000000000003,0,-0.3
2,25.300000000000004,0,-0.3
2,25.400000000000002,0,-0.3
2,25.500000000000004,0,-0.3
2,25.6,0,-0.3
2,25.700000000000003,0,-0.3
2,25.800000000000004,0,-0.3
2,25.900000000000002,0,-0.3
2,26.000000000000004,0,-0.3
2,26.1,0,-0.3
2,26.200000000000003,0,-0.3
2,26.300000000000004,0,-0.3
2,26.400000000000002,0,-0.3
2,26.500000000000004,0,-0.3
2,26.6,0,-0.3
2,26.700000000000003,0,-0.3
2,26.800000000000004,0,-0.3
2,26.900000000000002,0,-0.3
2,27.000000000000004,0,-0.3
2,27.1,0,-0.3
2,27.200000000000003,0,-0.3
2,27.300000000000004,0,-0.3
2,27.400000000000002,0,-0.3
2,27.500000000000004,0,-0.3
2,27.6,0,-0.3
2,27.700000000000003,0,-0.3
2,27.800000000000004,0,-0.3
2,27.900000000000002,0,-0.3
2,28.000000000000004,0,-0.3
2,28.1,0,-0.3
2,28.200000000000003,0,-0.3
2,28.300000000000004,0,-0.3
2,28.400000000000002,0,-0.3
2,28.500000000000004,0,0.0
2,28.6,0,0.0
2,28.700000000000003,0,0.0
2,28.800000000000004,0,0.0
2,28.900000000000002,0,-0.3
2,29.000000000000004,0,-0.3
2,29.1,0,-0.3
2,29.200000000000003,0,-0.3
2,29.300000000000004,0,-0.3
2,29.400000000000002,0,-0.3
2,29.500000000000004,0,-0.3
2,29.6,0,-0.3
2,29.700000000000003,0,-0.3
2,29.800000000000004,0,-0.3
2,29.900000000000002,0,-0.3
2,30.000000000000004,0,-0.3
2,30.1,0,-0.3
2,30.200000000000003,0,-0.3
2,30.300000000000004,0,-0.3
2,30.400000000000002,0,-0.3
2,30.500000000000004,0,-0.3
2,30.6,0,0.3
2,30.700000000000003,0,0.3
2,30.800000000000004,0,0.3
2,30.900000000000002,0,0.0
2,31.000000000000004,0,0.0
2,37.0,1,0.0
2,37.1,1,0.3
2,37.2,1,0.0
2,37.300000000000004,1,-0.3
2,37.400000000000006,1,-0.3
2,37.5,1,0.0
2,37.6,1,0.0
2,37.7,1,0.0
2,37.800000000000004,1,0.0
2,37.900000000000006,1,0.0
2,38.0,1,-0.3
2,38.1,1,-0.3
2,38.2,1,-0.3
2,38.300000000000004,1,-0.3
2,38.400000000000006,1,-0.3
2,38.50000000000001,1,-0.3
2,38.6,1,-0.3
2,38.7,1,-0.3
2,38.800000000000004,1,-0.3
2,38.900000000000006,1,-0.3
2,39.00000000000001,1,-0.3
2,39.1,1,-0.3
2,39.2,1,-0.3
2,39.300000000000004,1,0.0
2,39.400000000000006,1,0.0
2,39.50000000000001,1,0.3
2,39.6,1,0.3
2,39.7,1,0.3
2,39.800000000000004,1,0.3
2,39.900000000000006,1,0.3
2,40.00000000000001,1,0.3
2,40.1,1,0.3
2,40.2,1,0.3
2,40.300000000000004,1,0.0
2,40.400000000000006,1,0.3
2,40.50000000000001,1,0.3
2,40.6,1,0.3
2,40.7,1,0.3
2,40.800000000000004,1,0.3
2,40.900000000000006,1,0.3
2,41.00000000000001,1,0.3
2,41.1,1,0.3
2,41.2,1,0.0
2,41.300000000000004,1,0.0
2,41.400000000000006,1,0.0
2,41.50000000000001,1,0.0
2,41.6,1,0.0
2,41.7,1,0.0
2,41.800000000000004,1,0.0
2,41.900000000000006,1,0.0
2,42.00000000000001,1,0.0
2,42.1,1,0.0
2,42.2,1,0.0
2,42.300000000000004,1,0.0
2,42.400000000000006,1,0.0
2,42.50000000000001,1,0.3
2,42.6,1,0.0
2,42.7,1,-0.3
2,42.800000000000004,1,-0.3
2,42.900000000000006,1,0.0
2,43.00000000000001,1,0.0
2,43.1,1,0.0
2,43.2,1,0.3
2,43.300000000000004,1,0.3
2,43.400000000000006,1,-0.3
2,43.50000000000001,1,-0.3
2,43.6,1,-0.3
2,43.7,1,-0.3
2,43.800000000000004,1,-0.3
2,43.900000000000006,1,-0.3
2,50.00000000000001,2,0.3
2,50.1,2,0.3
2,50.2,2,0.3
2,50.300000000000004,2,0.3
2,50.400000000000006,2,0.3
2,50.50000000000001,2,0.3
2,50.6,2,0.3
2,50.7,2,0.3
2,50.800000000000004,2,0.3
2,50.900000000000006,2,0.3
2,51.00000000000001,2,0.0
2,51.1,2,0.0
2,51.2,2,0.0
2,51.300000000000004,2,0.0
2,51.400000000000006,2,0.0
2,51.50000000000001,2,0.0
2,51.6,2,0.0
2,51.7,2,0.0
2,51.800000000000004,2,0.0
2,51.900000000000006,2,0.3
2,52.00000000000001,2,0.3
2,52.1,2,-0.3
2,52.2,2,-0.3
2,52.300000000000004,2,0.0
2,52.400000000000006,2,0.0
2,52.50000000000001,2,0.0
2,52.6,2,0.0
2,52.7,2,-0.3
2,52.800000000000004,2,-0.3
2,52.900000000000006,2,-0.3
2,53.00000000000001,2,-0.3
2,53.1,2,-0.3
2,53.2,2,-0.3
2,53.300000000000004,2,-0.3
2,53.400000000000006,2,-0.3
2,53.50000000000001,2,-0.3
2,53.6,2,-0.3
2,53.7,2,-0.3
2,53.800000000000004,2,-0.3
2,53.900000000000006,2,-0.3
2,54.00000000000001,2,-0.3
2,54.1,2,-0.3
2,54.2,2,0.0
2,54.300000000000004,2,0.3
2,54.400000000000006,2,0.3
2,54.50000000000001,2,0.3
2,54.6,2,0.3
2,54.7,2,0.3
2,54.800000000000004,2,-0.3
2,54.900000000000006,2,-0.3
2,55.00000000000001,2,-0.3
2,55.1,2,-0.3
2,55.2,2,0.3
2,55.300000000000004,2,0.0
2,55.400000000000006,2,-0.3
2,55.50000000000001,2,-0.3
2,55.6,2,-0.3
2,55.7,2,0.0
2,55.800000000000004,2,0.3
2,55.900000000000006,2,0.3
2,56.00000000000001,2,0.3
2,56.1,2,0.3
2,56.2,2,0.3
2,56.300000000000004,2,0.3
2,56.400000000000006,2,0.3
2,56.50000000000001,2,0.0
2,56.6,2,0.0
2,56.7,2,0.0
2,56.800000000000004,2,0.3
